:020000040800F2
:10000000D85100205D02000827250008232200089F
:1000100025250008AD060008A52B000800000000FB
:100020000000000000000000000000009D0100082A
:100030003907000800000000F9010008B126000897
:1000400077020008770200087702000877020008AC
:10005000770200087702000877020008770200089C
:10006000770200087702000877020008770200088C
:10007000770200087702000877020008770200087C
:100080007702000877020008790500087702000867
:100090007702000877020008770200083B07000893
:1000A000770200087702000877020008770200084C
:1000B000770200087702000877020008770200083C
:1000C000770200087702000877020008770200082C
:1000D00077020008992B00087702000877020008D1
:1000E000770200087702000877020008770200080C
:1000F00077020008770200087702000877020008FC
:1001000077020008770200087702000877020008EB
:10011000770200087702000877020008E927000844
:10012000B10600087702000877020008770200088D
:1001300077020008770200087702000877020008BB
:1001400077020008770200087702000877020008AB
:10015000770200087702000877020008770200089B
:10016000770200087702000877020008770200088B
:1001700077020008770200087702000800000000FC
:100180007702000877020008DFF80CD000F0E2F9EF
:1001900000480047A1630008D85100202C4B196883
:1001A0000868B0E8F04F80F30988BFF36F8F4FF015
:1001B000000080F3118870470000000008480068C4
:1001C000006880F308884FF0000080F3148862B65E
:1001D00061B6BFF34F8FBFF36F8F00DF00BF00BF6B
:1001E00008ED00E0DFF80C00016841F470010160E7
:1001F000704700BF88ED00E0EFF30980BFF36F8F19
:10020000134B1A681EF0100F08BF20ED108A20E96A
:10021000F04F106009B44FF0500080F31188BFF325
:100220004F8FBFF36F8F07F0A1F94FF0000080F3FD
:10023000118809BC19680868B0E8F04F1EF0100F6B
:1002400008BFB0EC108A80F30988BFF36F8F704746
:100250004C000020EFF305807047000006488047FF
:1002600006480047FEE7FEE7FEE7FEE7FEE7FEE79B
:10027000FEE7FEE7FEE7FEE7D92700088901000850
:100280002DE9F05F0546002092469B4688460646CB
:10029000814640241BE0284641464746224600F05E
:1002A000EBF853465A46C01A914110D311461846EE
:1002B000224600F0D2F82D1A67EB01084F4622467D
:1002C0000120002100F0C9F817EB00094E41201E63
:1002D000A4F10104DFDC484631462A464346BDE826
:1002E000F09F40EA01039B0703D009E008C9121FF1
:1002F00008C0042AFAD203E011F8013B00F8013BE0
:10030000521EF9D27047D2B201E000F8012B491E0B
:10031000FBD270470022F6E710B513460A460446A2
:100320001946FFF7F0FF204610BD2DE9FE4F81EA88
:10033000030404F0004421F0004100944FF0000B4E
:1003400023F0004350EA01045ED052EA03045BD07C
:10035000C3F30A54C1F30A552C44A4F2F3340194B4
:10036000A0FB0254C1F3130141F48011C3F3130342
:1003700043F4801301FB024400FB034E840A970AF6
:1003800044EA815447EA8357A4FB076802958D0A23
:1003900005FB07854FEA932C04FB0C542705029DAF
:1003A0004FEA065847EA1637B5EB08056EEB070C1F
:1003B000870E920E47EA811742EA8312A7FB0201D9
:1003C000B6EB0B0164EB00042B0D43EA0C335E1813
:1003D00044EB1C50DA465146E7FB0201C5F3130417
:1003E0004FEA0B3343EA14534FEA0432019C43EAC9
:1003F0000603A4F10C040294009CCDE900B400F0C3
:100400005AF803B0BDE8F08F00200146F9E70EB5B9
:1004100040F2334102910021CDE900110A460B461A
:1004200000F049F803B000BDC1F30A5210B5C1F3A2
:10043000130140F2FF3341F480119A4201DA0020A7
:1004400010BD40F233439A42A2F2334203DC5242DF
:1004500000F012F810BD904010BD202A04DB203AB5
:1004600000FA02F1002070479140C2F1200320FA07
:1004700003F3194390407047202A04DB203A21FA05
:1004800002F00021704721FA02F3D040C2F12002AD
:10049000914008431946704710B5141E73F10004CB
:1004A00008DA401C41F1000192185B411A4301D166
:1004B00020F0010010BD2DE9F04D92469B4611B190
:1004C000B1FA81F202E0B0FA80F220329046FFF7F2
:1004D000C4FF04460F4640EA0A0041EA0B015346B6
:1004E0005A46084313D0114653EA010019D0C8F107
:1004F00040025046FFF7C0FF05460E46504659469B
:100500004246FFF7AAFF084305D0012004E0204639
:100510003946BDE8F08D0020054346EAE0762C43DD
:1005200037430A986305E40AA0EB08000022FD0A9D
:1005300044EA47540A3002D500200146E9E70105A4
:1005400010196941DDE9084500196941BDE8F04D20
:10055000A2E70000064C074D06E0E06840F001030A
:1005600094E8070098471034AC42F6D3FFF710FE2A
:1005700090B40008B0B40008014800F002BA0000CE
:10058000D0000020464910B54A6822F440324A6043
:100590004A6843681A434A6001684A6822F48072D4
:1005A0004A6001684A68036942EA03224A600168B6
:1005B0004A6822F040724A6001684A6883681A43B8
:1005C0004A6001688A6822F400628A6001688A6869
:1005D000C3681A438A60816A6FF07062D142016811
:1005E0008A6822F070628A6001688A680CD0836A27
:1005F0001A438A6001688A6822F040528A60016862
:100600008A68C36A1A4301E022F040528A60016896
:100610008A6822F002028A6001688A68037E42EAE0
:1006200043028A6090F82010002901684A680FD0C0
:1006300042F400624A6001684A6822F460424A60FB
:1006400001684A68174C436A04EB43331A4301E0DC
:1006500022F400624A600168CA6A22F47002CA6227
:100660000168CA6A838B104C04EB03531A43CA62B5
:1006700001688A6822F400728A6001688A6890F8CA
:10068000303042EA43228A6001688A6822F480623C
:100690008A6001688A68406942EA8020886010BDEB
:1006A0000023014000E0FFFF0000F0FFFEE7000034
:1006B000014800F0AFBB00001801002001681823BA
:1006C000CAB2103AB2FBF3F2054B6FF30901032AE9
:1006D0009B5CC36500D9091D816508467047000011
:1006E00040B4000810B5014600208B698A6A4FF0BB
:1006F000C07453B1B3F5005F15D072B1012A0CD0AC
:10070000022A0AD0032A09D104E01AB1012A06D02C
:10071000022A03D1C96AC90100D5012010BDC96AE6
:10072000A142FAD010BD002AF7D0012AF2D0022A45
:10073000F3D0032AF3D010BD70474FF4007000F0DF
:100740003DBD72B6FEE7000030B5B3F5804F05D071
:100750006FF0704140F82210002030BD8C690B68AA
:100760008D6823434C688989240144EA0524234386
:1007700043EA014150F82230014C23401943E9E794
:100780000000F0CF10B50A6850F8223023F00103C2
:1007900040F822308C68082C23D000234A6822437A
:1007A000CC681C430B6922431A434B690E4C1A4315
:1007B000CB691A430B6A1A434B6A1A438B6A1A4372
:1007C000CB6A1A430B6B1A438B691343CA6B0968D4
:1007D0001A4350F82130A343134340F8213000203E
:1007E00010BD4023DAE700007FFF0F0030B5D1E9EC
:1007F000003443EA04138C688D89240244EA0544DA
:1008000023430C8A074D00EB820005EB045423437D
:100810000C7D6D0105EB0464896923430B43436040
:10082000002030BD0000F0FF7047000078B50024C4
:10083000009490F83C20012A19D0012280F83C2035
:100840000A6807230568092A13D9EE680A3A02EBF9
:10085000420293409E43EE600B788A680A3B03EBAA
:1008600043039A400368DD682A43DA6010E00220FF
:1008700078BD2E6902EB420293409E432E610B78B5
:100880008A6803EB43039A4003681D692A431A618F
:100890004A681F23072A13D205686E6B521E02EBAB
:1008A000820293409E436E630B790A885B1E92B26C
:1008B00003EB83039A4003685D6B2A435A6327E086
:1008C00005680D2A12D22E6BD21F02EB82029340D2
:1008D0009E432E630B790A88DB1F92B203EB8303DE
:1008E0009A4003681D6B2A431A6311E0EE6A0D3AC1
:1008F00002EB820293409E43EE620B790A880D3B25
:1009000092B203EB83039A400368DD6A2A43DA62FA
:10091000164B0568144A9D4206D10D68122D03D16D
:10092000556845F48005556005689D4218D10B68EF
:10093000102B01D0112B13D1536843F400035360E3
:10094000096810290CD10A490A4A0968B1FBF2F179
:1009500001EB8101490000E0491E00910029FBD113
:1009600080F83C40002078BD002301400020014079
:100970004800002040420F00704770470068C06C7C
:10098000704770B5044600680668456816F0020FA7
:1009900005F020012AD049B3216CC90603D4216C8B
:1009A00041F400712164816811F0405F17D1217E0C
:1009B000A9B9C16A11F4700F02D0816849050ED43B
:1009C000416821F020014160206C20F48070206497
:1009D000206CC00403D4206C40F001002064204649
:1009E000FFF7CAFF21686FF01200086016F0040FCD
:1009F00005F0800132D089B3206CC00603D4206C8E
:100A000040F4005020642068816811F4401F1ED11A
:100A1000816B11F4401F02D08168490517D44168E9
:100A2000490514D4816811F0405F10D1217E71B95D
:100A3000416821F080014160206C20F480502064E6
:100A4000206CC00503D4206C40F0010020642046D7
:100A5000FFF7EAFE21686FF00C00086016F0010F46
:100A600005F040010FD071B120680068C0070AD0BE
:100A7000206C40F480302064204600F043F8216868
:100A80006FF00100086016F0200F05F080610ED0B5
:100A900000290CD0606C40F00200606420686FF0A8
:100AA000200505602046FFF768FF2068056070BDDF
:100AB00070B504004FF0000503D0206C002610B183
:100AC00007E0012070BD204600F01EF8666484F83F
:100AD0003C60206CC00610D4206C20F4885040F09C
:100AE000020020642046FFF74DFD6664206C20F074
:100AF000020040F00100206400E0012584F83C6021
:100B0000284670BD7047000070B586B006461421B7
:100B10006846FFF7FFFB2249306888423DD12148F3
:100B20000025016841F480610160006800F4806084
:100B300005901C481438016841F0200101600068EC
:100B4000694600F020000590802000900320CDE948
:100B50000105154800F03EFB154C14482060800547
:100B6000C4E901050014C4E903504000606180003D
:100B7000A0614011C4E907052046656200F01AFA39
:100B800008B1FFF7DEFDB463002205211220A66341
:100B900000F0C8FC122000F0B7FC06B070BD0000E9
:100BA0000022014044380240001402401064024018
:100BB000180100202DE9F041044600680D468168C7
:100BC0004FF0000749050BD58068C00508D5206C9B
:100BD00040F02000206484F83C700120BDE8F081E2
:100BE00000F002FC064613E0681C11D025B100F0AD
:100BF000FBFB801BA8420BD920680068800707D444
:100C0000206C40F00400206484F83C700320E5E789
:100C1000206800688007E7D521686FF0120008603F
:100C2000206C40F4007020642068816811F0405FFF
:100C300013D1217E89B9C16A11F4700F02D0806886
:100C400040050AD4206C20F480702064206CC0041D
:100C500003D4206C40F0010020640020BEE70000B7
:100C600018B50021009190F83C20012A07D00122FC
:100C700080F83C2002689368DB0702D011E0022074
:100C800018BD936843F0010393602E4A2E4B1268FF
:100C9000B2FBF3F202EB420200E0521E0092002A85
:100CA000FBD102689368DB0742D0036C40F2016419
:100CB000A34343F48073036453685B0505D5036C59
:100CC00023F4005343F480530364036CDB0404D522
:100CD000436C23F00603436400E0416480F83C1059
:100CE0001A496FF02203136049680068CA06184960
:100CF00006D0884224D1816811F0405F13D01FE0F4
:100D00008842F8D0134A904203D1D1F80423D20686
:100D1000F1D0114A904213D1D1F8041301F01F0110
:100D20001029E8D30CE0816841F08041816007E040
:100D3000016C41F010010164416C41F0010141641A
:100D4000002018BD4800002040420F000023014051
:100D50000020014000210140002201402DE9F04126
:100D60000446876D00F040FB064694F835000025E8
:100D7000022806D08020606584F834500120BDE848
:100D8000F0812068016821F0160101602068416946
:100D900021F080014161206C08B9A06C20B120686D
:100DA000016821F0080101602068016821F001015B
:100DB00001600CE000F018FB801B052807D92020FB
:100DC0006065032084F8350084F83450D7E7206844
:100DD0000068C007EED194F85C103F208840B860EE
:100DE000012084F8350084F834500020C7E790F8DB
:100DF0003510022903D0802141650120704705216B
:100E000080F835100068016821F0010101600020C0
:100E1000704700002DE9F84304464FF00009CDF873
:100E2000009063484FF41651A56D0068B0FBF1F7D0
:100E30002E6894F85C10082000FA01F131420FD0BE
:100E400021680A6852070BD50A6822F004020A607A
:100E500094F85C108840A860606D40F00100606507
:100E600094F85C104FF0010808FA01F0304208D005
:100E700021684969090604D5A860606D40F0020048
:100E8000606594F85C1004208840304208D02168E6
:100E90000968890704D5A860606D40F004006065AA
:100EA00094F85C1010208840304218D021680968FE
:100EB000090714D5A86020680168490304D50068B3
:100EC000000308D5A16C07E00168C90503D40168D7
:100ED00021F008010160216C09B12046884794F88F
:100EE0005C1020208840304231D021680968C90652
:100EF0002DD5A86094F8350005282068016806D033
:100F0000490347D5006800031DD4616C1CE021F043
:100F1000160101602068416921F080014161206C67
:100F200008B9A06C20B12068016821F008010160B7
:100F300094F85C103F208840A86084F8358084F8DD
:100F40003490216D1FE0E16B09B120468847606D48
:100F500000282BD0606DC00714D0052084F8350020
:100F60002068016821F0010101600098401C009098
:100F7000B84203D820680068C007F6D184F83580ED
:100F800084F83490E16C002910D001B02046BDE80F
:100F9000F04308470168C905D5D4016821F0100164
:100FA000016084F8358084F83490CCE7BDE8F8839C
:100FB000480000202DE9F041044600F015FA0646ED
:100FC0005CB1022084F83500002584F83450206894
:100FD000016821F0010101600DE00120BDE8F08110
:100FE00000F002FA801B052805D920206065032047
:100FF00084F83500F2E720680068C007F0D1226865
:10100000116820480140D4E901031843D4E90336AC
:101010003343184363691843A3691843E3691843CA
:10102000236A18430843616A042903D1D4E90B13E6
:1010300019430843106020684069666A20F0070180
:1010400030460E43012704280CD1A06A0643E06A0B
:1010500040B12046FFF746FB20B14020606584F890
:101060003570BAE7206846612046FFF727FB94F801
:101070005C203F2191408160656584F835700020D7
:10108000ACE700003F8010F070B5044600F0ACF90A
:101090000546601C02D004480078044400F0A4F91E
:1010A000401BA042FAD370BD3C0000202DE9F04166
:1010B00086B014216846FFF72DF920480168002901
:1010C00039D1012101601E480024016841F001016D
:1010D000016000684FF4805800F001000C27CDF843
:1010E0000080CDE90470032602250396CDE9015462
:1010F0006946144800F06EF84FF68070CDE900059F
:1011000002AA694682E8D0000F4800F063F84CF26A
:101110003370CDE9000502AA694682E8D0000B4889
:1011200000F058F802AA694682E8D000CDE90085AF
:10113000074800F04FF806B0BDE8F0811C00002021
:10114000383802400014024000100240000C0240F7
:101150000018024038B500220092B0F5007F24D17B
:1011600012484178002920D00178602908D210491E
:101170004B6801780F4C04EB8104491C017023601B
:101180000178532911D34270406800280DD0694678
:1011900006F08DFC0098002807D007494FF08050DA
:1011A0000860BFF34F8FBFF36F8F38BD3000002052
:1011B000001000E08003002004ED00E0044910B5B9
:1011C0000A68024202D00860FFF7C4FF10BD0000A9
:1011D000143C01402DE9F84FDFF8BCA100220125A5
:1011E00003264FF00F090AF1040BAAF1040E00BF09
:1011F0000B6805FA02F42340A34270D10F7907F07F
:101200000307012F01D0022F16D187684FEA420849
:1012100006FA08FC27EA0C07D1F80CC00CFA08FC07
:101220004CEA070CC0F808C04768A7430C79C4F320
:10123000001494403C4344600C79E443A4070AD072
:10124000C4684FEA420C06FA0CF7BC438F6807FAF1
:101250000CF72743C7600C7904F00304022C12D169
:10126000D40800EB840CDCF820405707FF0E09FA85
:1012700007F824EA0804D1F8108008FA07F848EAC9
:101280000408CCF8208004684FEA420C06FA0CF7F8
:10129000BC430F7907F0030707FA0CF727430760F1
:1012A0004C6814F4403F70D03C4C276847F48047AA
:1012B0002760246822F0030704F480440094384C2B
:1012C00007EB040CDCF8084897074FEA177809FA8F
:1012D00008F7BC43334FB84202D1002724E054E062
:1012E000314FB84201D101271EE0304FB84201D141
:1012F000022719E02E4FB84201D1032714E02D4FE9
:10130000B84201D104270FE02B4FB84201D1052785
:101310000AE02A4FB84201D1062705E0284FB8421B
:1013200001D1072700E0082707FA08F72743CCF880
:101330000878DAF800405746D1F804C09C435FEAC9
:10134000CC2C00D51C433C60DBF800405F46D1F854
:1013500004C09C435FEA8C2C00D51C433C60DEF843
:1013600000407746D1F804C09C435FEA8C3C00D52E
:101370001C433C60084F083F3C68D1F804C09C43C4
:101380005FEACC3C00D51C433C60521C102AFFF4A1
:101390002FAFBDE8F88F0000083C01404438024000
:1013A00000300140000002400004024000080240FA
:1013B000000C0240001002400014024000180240DD
:1013C000001C02400069084000D0012070474269BB
:1013D00021EA02030A4043EA0241816170470AB1EF
:1013E000816170470904FBE701488068704700008D
:1013F0003C000020024881680278114481607047F7
:101400003C0000200B4810B5016841F400710160F8
:10141000016841F480610160016841F480710160FC
:10142000032000F09FF80F2000F006F800F050F8BD
:10143000002010BD003C024030B505461F4887B073
:101440000024016841F020010160006806A900F055
:101450002000009001A800F031F90498A8B100F034
:101460004DF940001649174AB0FBF1F11648491EE4
:10147000026040F2E732C0E90324C0E9011484614C
:1014800000F074FB040003D015E000F037F9E9E741
:101490000D4800F099FB04000DD1372000F034F81E
:1014A000102D07D200222946372000F03BF80748CC
:1014B000056000E0012407B0204630BD40380240FE
:1014C00040420F00001400401002002040000020A5
:1014D0000C4882B0016841F480410160006800F46A
:1014E000804000900748001F016841F08051016072
:1014F0000068002200F0805000900F21901E02B082
:1015000000F010B844380240002809DB00F01F0248
:10151000012191404009800000F1E020C0F8001155
:1015200070470000F0B40E4B1B680C46C3F3022357
:10153000C3F10705042D00D90425191D072901D27F
:10154000002300E0DB1E012606FA05F1491E2140BA
:1015500099409E40761E16403143F0BC01F034BBEA
:101560000CED00E0064900F0070208684FF6FF03A3
:10157000184040EA0220034A104308607047000008
:101580000CED00E00000FA052DE9F0470E460500DD
:1015900065D0DFF81481D8F80000F7B200F007003A
:1015A000B04207D288F80070D8F8000000F00700B9
:1015B000B04254D128683D4C810712D5400703D56D
:1015C000206840F4E05020602878000703D52068A8
:1015D00040F4604020602068A96820F0F0000843D3
:1015E00020602878C0072DD0304968680839012864
:1015F00012D0022813D0032811D0096889070029C6
:101600002DDA216821F0030101432160FFF7ECFE90
:10161000814641F2883A0EE009688903EFE70968DC
:101620008901ECE7FFF7E0FEA0EB0901514502D983
:101630000320BDE8F0872068696800F00C00B0EB7B
:10164000810FEFD1D8F80010404601F00701B142F8
:1016500007D90770006800F00700B04201D00120F0
:10166000E7E72878400705D52068E96820F4E050CE
:10167000084320602878000706D52068296920F4EF
:10168000604040EAC100206000F058F82168084A34
:10169000C1F30311515CC840064908600648006860
:1016A000FFF7CAFE0020C4E7003C024008380240B1
:1016B00048B4000848000020400000200F220260CB
:1016C0000C4A136803F003034360136803F0F0034C
:1016D0008360136803F4E053C36012684FF4E0536F
:1016E00003EAD20202610448006800F007000860C3
:1016F0007047000008380240003C02400448054999
:1017000000680968044AC1F38221515CC8407047EF
:10171000480000200838024058B400080448054931
:1017200000680968044AC1F34231515CC8407047FF
:10173000480000200838024058B40008154810B589
:10174000006810F00C02144813D04110042A0FD086
:10175000082A0ED10F4C241F2268236802F03F0292
:101760005B0207D52068C0F38810A0FB010106E0EA
:10177000084610BD2168C1F38811A1FB00010023B8
:10178000FEF77EFD2168C1F30141491C4900B0FB11
:10179000F1F010BD083802400024F4002DE9F84FA4
:1017A00004006ED02078DFF84C93C007A9F104053F
:1017B0004AD009F104000168C1F38101012908D070
:1017C0000068C0F3810002280AD1D9F80000400265
:1017D00006D52868800337D560680028E1D033E05B
:1017E0006068B0F5803F10D0B0F5A02F286810D009
:1017F00020F480302860286820F480202860606809
:10180000A8B1FFF7F1FD06460DE0286840F48030EE
:10181000F4E740F480202860F7E700BFFFF7E4FD1D
:10182000801B642873D828688003F7D50CE0FFF785
:10183000DBFD064605E000BFFFF7D6FD801B6428F0
:10184000F0D828688003F7D42078DFF8AC828007CE
:101850004FF0000A3ED5A748001D016811F00C0F9B
:1018600008D00068C0F3810002280BD1D9F800002D
:10187000400207D42868800716D5E068012800D107
:1018800012E033E1E068B8B10120C8F80000FFF7CA
:10189000ABFD064605E000BFFFF7A6FD801B022852
:1018A000C0D828688007F7D52868216920F0F8009B
:1018B00040EAC10028600DE0C8F800A0FFF794FDE1
:1018C000064604E0FFF790FD801B02281FD8286819
:1018D0008007F7D42078000722D5864F87486169B2
:1018E000703771B101210160FFF77EFD064604E00B
:1018F000FFF77AFD801B022809D838688007F7D5E2
:101900000EE0C0F800A0FFF76FFD064605E082E09C
:10191000FFF76AFD801B02287DD838688007F7D45E
:101920002078400768D5DFF8CCB100270BF13C0BDD
:10193000DBF80000C0000BD4DBF8001041F0805150
:10194000CBF80010DBF80000012700F08050009079
:101950006B4E3068C00510D4306840F48070306041
:10196000FFF742FD009005E0FFF73EFD0099401AA9
:10197000022850D83068C005F6D55E4EA0686C3697
:1019800001280FD00528306810D020F00100306009
:10199000306820F004003060A068B8B1FFF724FD83
:1019A00000900FE0306840F00100F4E740F00400E0
:1019B0003060F7E7FFF718FD0099411A41F28830CF
:1019C000814266D830688007F4D50EE0FFF70CFD41
:1019D000009007E0FFF708FD0099411A41F28830B6
:1019E000814256D830688007F4D42FB1DBF800105C
:1019F00021F08051CBF80010A069C8B33D49091D02
:101A00000968C1F3810102294AD00228504607D053
:101A1000C8F8600000E03CE0FFF7E6FC04463BE06D
:101A20004746C8F86000FFF7DFFC064605E000BF48
:101A3000FFF7DAFC801B02282BD828688001F7D436
:101A4000D4E907010843A16A2E4A490802EB014183
:101A5000626A41EA8211084394F82C1040EA01615D
:101A6000C9F8001001203866FFF7BEFC044606E006
:101A70003EE000BFFFF7B8FC001B022809D8286829
:101A80008001F7D534E000BFFFF7AEFC001B022851
:101A900002D90320BDE8F88F28688001F4D427E03C
:101AA0000128F7D0D9F80000E26900F480019142E2
:101AB0001CD1226A00F03F01914217D147F6C07154
:101AC000626A0140B1EB821F10D1A26A4FF0FF336E
:101AD00000F4403103EB5202B1EB024F06D194F80F
:101AE0002C1000F07060B0EB016F01D00120D1E745
:101AF0000020CFE70438024000004742800E4742F2
:101B0000007000400000FFFF70B515460E4604004F
:101B100003D094F8490010B107E0012070BD002007
:101B200084F84800204600F01DF804F10801206800
:101B3000FEF728FE3146A2682068FEF757FED4E97A
:101B400001022946236BFEF7FFFD2168A06851F8CA
:101B5000202042F0010241F82020012084F84900B1
:101B6000002070BDFFF7A2BA7047704710B504009F
:101B700003D094F83D0010B107E0012010BD002013
:101B800084F83C00204600F01EF8022084F83D0056
:101B9000211D206800F02EFE012084F8460084F804
:101BA0003E0084F83F0084F8400084F8410084F847
:101BB000420084F8430084F8440084F8450084F827
:101BC0003D00002010BD704790F83D10012901D064
:101BD00001207047022180F83D100168CA6842F078
:101BE0000102CA6000681149884214D0B0F1804FE8
:101BF00011D00F4988420ED00E4988420BD00E49B1
:101C0000884208D00D49884205D00D49884202D04B
:101C10000C49884204D1816801F00701062903D0EC
:101C2000016841F00101016000207047000001409F
:101C30000004004000080040000C00400004014087
:101C4000004001400018004070472DE9F041044673
:101C50000068C66805694FF00007A90713D5B107EA
:101C600011D5F91E01610120207720688069800765
:101C7000204602D0FFF7E8FF04E000F07EF820469F
:101C800000F07CF82777680716D5700714D521680F
:101C90006FF004000861022020772068806910F44A
:101CA000407F204602D0FFF7CFFF04E000F065F848
:101CB000204600F063F82777280715D5300713D59D
:101CC00021686FF008000861042020772068C0694F
:101CD0008007204602D0FFF7B7FF04E000F04DF880
:101CE000204600F04BF82777E80616D5F00614D505
:101CF00021686FF010000861082020772068C06913
:101D000010F4407F204602D0FFF79EFF04E000F071
:101D100034F8204600F032F82777E80708D0F007BB
:101D200006D021686FF001000861204600F028F815
:101D3000280608D5300606D521686FF080000861B6
:101D40002046FFF711FF680608D5700606D5216802
:101D50006FF040000861204600F01CF8A8060AD584
:101D6000B00608D521686FF0200008612046BDE864
:101D7000F041FFF7FABEBDE8F08170477047000000
:101D800000680349884201D1FFF734BB7047000067
:101D9000001400407047704770470000F8B50168B4
:101DA00004460868CA684B6910F00F0F4FF0000531
:101DB00059D003F0010602F49077374365D0C1078C
:101DC00005D0D10503D5616C41F001016164410783
:101DD00005D5D90703D0616C41F002016164810728
:101DE00005D5D90703D0616C41F004016164010796
:101DF00007D502F02001314303D0616C41F00801A6
:101E00006164616C00293AD0800604D5900602D541
:101E1000204600F085FD20684069616CC0F38010A9
:101E2000090700D460B3204600F053FD20684069E4
:101E3000400621D52068143050E8001F21F04001F1
:101E400040E80012002AF5D1E06BA8B172490165A3
:101E5000E06BFEF7CCFF002811D0E06B016D01B004
:101E6000BDE8F040084783060FD593060DD5204600
:101E7000BDE8F84000F054BD2046FFF78DFFF8BDE7
:101E80002046FFF789FF6564F8BD266B2023012EED
:101E90007ED1C6067CD5D6067AD5086848680090FB
:101EA00048694FF0020640064DD5E26B1068406865
:101EB0004FF480770004000C3AD0A18D814237D9CD
:101EC000E085D069B8422DD020680C3050E8001F62
:101ED00021F4807140E80012002AF5D12068143006
:101EE00050E8001F21F0010140E80012002AF5D15E
:101EF0002068143050E8001F21F0400140E8001233
:101F0000002AF5D184F84230256320680C3050E86F
:101F1000001F21F0100140E80012002AF5D1E06B0B
:101F2000FEF71CFF6663A08DE18D401A81B206E0CA
:101F3000A18D8142A8D1D069B842A5D1666320465F
:101F4000FFF729FFF8BDA08DE18D401A81B2E08D29
:101F50000028F7D00029F5D020680C3050E8002F79
:101F600022F4907240E80027002FF5D12068143049
:101F700050E8002F22F0010240E80027002FF5D1A1
:101F800084F84230256320680C3050E8002F00E0D0
:101F900006E022F0100240E80023002BF3D1CDE749
:101FA00005062BD5150629D594F841002128C9D15D
:101FB000A068B0F5805F01D12069B0B1206A411CF2
:101FC0002162216800784860E08C401E0004000C0B
:101FD000E084B7D12068C16821F08001C160206829
:101FE000C16841F04001C160F8BD206A0088C0F3BB
:101FF00008004860206A801C2062E5E74006F3D5AF
:102000005006F1D5CA68204622F04002CA6084F822
:10201000413000F005F9F8BDC528000870B504008E
:1020200004D094F84100002510B106E0012070BDF5
:1020300084F84050204600F023F8242084F8410022
:102040002068C16821F40051C160204600F0CAFC3C
:102050002068016921F4904101612068416921F003
:102060002A0141612068C16841F40051C160656482
:10207000202084F8410084F842006563002070BD90
:1020800010B586B0044614216846FEF743F9184996
:102090002068884229D11748016841F01001016089
:1020A000006800F01000059012481438016841F0F3
:1020B000010101600068694600F0010005904FF4DD
:1020C000C060009002200190012002900320039044
:1020D000072004900848FFF77DF8002205212520FD
:1020E000FFF720FA2520FFF70FFA06B010BD000019
:1020F00000100140443802400000024090F8423095
:10210000202B01D00220704721B11AB100230363B4
:1021100000F0EEBC0120704730B4006814498842DA
:1021200024D1144841880A0416D402464C0412787B
:102130004FF0000304D50A2A0DD141F4004113E009
:102140000D2A0FD0C1F30D040B4D491C89B22A553D
:102150004180C72900D3438030BC0122054907488C
:10216000FFF7CCBF41F480414180F5E730BC7047B8
:10217000001001402800002058020020C801002063
:102180002DE9F843044690F84100984616460D465E
:10219000202802D00220BDE8F88385B17EB100205E
:1021A0006064212084F84100FFF71EF9A68481466F
:1021B000E684A0682027B0F5805F02D003E001200C
:1021C000E9E7206910B12E4600250EE000260CE05C
:1021D0008021204600F0A7FCA8B9C6B116F8010B73
:1021E00021684860E08C401EE084E08C4B464FF054
:1021F0000002CDF800800028EAD14FF040012046CF
:1022000000F091FC40B184F841700320C3E735F839
:10221000020BC0F30800E3E784F841700020BAE73E
:102220007047FEE71FB50021164800910191029109
:10223000134A039102604FF48032C0E90121016129
:10224000017680F82010104AC0E90A210124C461F7
:10225000C16080F830104461FEF72AFC08B1FEF737
:1022600070FA0520CDE90004072002906946054870
:10227000FEF7DCFA002801D0FEF763FA1FBD00006C
:1022800000220140D00000200100000F094808B5DD
:10229000016841F4800101600068002200F48000C0
:1022A000009005213820FFF73DF9BDE808403820AF
:1022B000FFF72AB93038024010B5002004F070F959
:1022C000124C134A00216060124804F0DFF9104AF2
:1022D000A06024320021104804F0D8F90C4AE060D4
:1022E000483200210D4804F0D1F9094A20616C32CE
:1022F00000210B4804F0CAF9054A606190320021C0
:10230000084804F0C3F9A06110BD000000000020DF
:102310000C8400088526000829250008A925000846
:10232000692600087525000810B58EB01C21684686
:10233000FDF7F0FF1C2107A8FDF7ECFF1A484FF04E
:10234000204110220160194941600621816000216D
:10235000C160C0E904128161C16113020162C0E978
:1023600009139302C0E90B134163816341640F2099
:102370003C230090CDE9010303AC112384E80E0057
:1023800009240691CDE907400AA8099480E80E00C7
:102390000D9107AA69460448FFF7B6FB002801D053
:1023A000FEF7CFF90EB010BD78010020040100A0A7
:1023B0002DE9F04F87B014216846FDF7ABFF454883
:1023C0000025016841F010010160016801F0100171
:1023D0000591016841F020010160016801F02001D0
:1023E0000591016841F080010160016801F0800100
:1023F0000591016841F001010160016801F00101EE
:102400000591016841F002010160016801F00201DB
:102410000591016841F008010160016801F00801BF
:102420000591016841F0400101600068DFF8A89063
:1024300000F04000059001224FF4C0614846FEF7CD
:10244000CEFFDFF898A04FF40048002241465046E6
:10245000FEF7C5FFDFF888B04FF400770022394659
:102460005846FEF7BCFF1C20CDE900050124694653
:1024700002941C48FEF7AEFE0097CDE9014569467F
:1024800048460395FEF7A6FEA002CDE90004022609
:10249000CDE9024669464846FEF79CFE8DE870008D
:1024A00069461148FEF796FECDF80080CDE901455A
:1024B000694650460395FEF78DFE01AA112000974C
:1024C00082E8510069465846FEF784FE07B0BDE831
:1024D000F08F000030380240001402400004024037
:1024E0000018024000100240000002400C4810B5E5
:1024F0000A4901604FF4E1314160002181600C2202
:10250000C160C0E904128161C161FFF787FD002845
:1025100003D0BDE81040FEF714B910BD0010014013
:10252000C8010020FEE7FEE71CB500F071FD104C6D
:102530004FF0FF3726464FF4FA6801A9684600F0CD
:10254000B3FD98B100253946706803F0FBFFE570D4
:102550002DB19DF8000060709DF80400A0707068B7
:1025600004F06CF8404603F0ADFFE6E70125EAE72A
:102570000000002001250A4EDFF82880AF0210215C
:102580003046FEF71FFF0446012D04D11CB9394621
:102590004046FEF71CFF25460A2003F093FFEEE7B6
:1025A00000100240001402400EB5FF24DFF89C80AA
:1025B0004FF0000A4FF01F0910264FF4784B00BF70
:1025C0004FF0FF314746D8F8040003F0BBFFD7E9CE
:1025D000005004F033F8CDE900694F46C5F30722F7
:1025E00002239621462003F0D1FDC5F307420223C2
:1025F000AA214620CDE9006703F0C8FDCDE9006AB5
:102600006E21EAB203230846029703F023FE2D0E43
:10261000A54217D04FF6FF7000902C4691236D22F3
:1026200082211E2003F090FA0CB109A100E00BA159
:10263000CDE900611023C822CDF808B082211E2008
:1026400003F0DDFDC82003F03DFFB9E700000020E6
:102650004448543131204F4B00000000444854316D
:1026600031204552524F5200054D4FF4007421461F
:102670002846FEF7ACFEC82003F024FFF7E7000071
:1026800000140240094C4FF0FF37264603F078FE55
:1026900005463946606803F055FF3570606803F001
:1026A000CDFFC82003F00EFFF0E70000000000207F
:1026B00010B54FF0E020006905F09EFC012803D022
:1026C000BDE8104005F00AB810BD000030B593B069
:1026D00030216846FDF71EFE14210CA8FDF71AFEF6
:1026E0001D480025016841F080510160006800F03C
:1026F000805011901948016841F4804101600068E0
:10270000022400F4804011900120039010200490D6
:10271000009406940820CDE90750A820CDE90904CB
:1027200004200B906846FFF739F808B172B6FEE74F
:102730000CA90F2081E831004FF4A0500F904FF406
:102740008050109005210CA8FEF71EFF002801D034
:1027500072B6FEE713B030BD403802400070004052
:1027600070B5194C2068194A10F00C01184804D0B3
:102770005510042903D0082903D002601BE005602E
:1027800019E01149091F0B68C3F380560B6803F069
:102790003F0316B1B5FBF3F201E0B2FBF3F20B68B5
:1027A0000968C3F388135A43C1F30141491C490026
:1027B000B2FBF1F101602168064AC1F30311515CDB
:1027C0000268CA40026070BD083802400024F4006C
:1027D0004800002048B400080248016841F4700134
:1027E0000160704788ED00E00148FFF72EBA000055
:1027F00010020020F0B50268274B284D284E294FC3
:10280000294C4FF0804C984209D0604507D0A8422F
:1028100005D0B04203D0B84201D0A04204D122F08A
:10282000700E4A6842EA0E0298421BD0604519D0E9
:10283000A84217D0B04215D0B84213D0A04211D050
:102840001A4DA8420ED01A4DA8420BD0194DA842DD
:1028500008D0194DA84205D0184DA84202D0184DF5
:10286000A84203D122F44075CA682A434D6922F078
:1028700080022A438D68C5620D688562984201D046
:10288000A04201D109690163016841F004010160BE
:10289000012141610260F0BD0000014000040040E0
:1028A00000080040000C00400004014000400140CE
:1028B000004401400048014000180040001C004056
:1028C0000020004010B5806B0021C185FFF764FA3D
:1028D00010BD01680C3151E8002F22F4907241E8DC
:1028E0000023002BF5D10168143151E8002F22F0AC
:1028F000010241E80023002BF5D1016B012909D128
:1029000001680C3151E8002F22F0100241E8002349
:10291000002BF5D1202180F842100021016370477F
:1029200008B590F84210222901D0022008BD826823
:102930004FF480539A4201D1016921B1816A9A42D0
:102940001BD04AB10AE00268816A5268C2F30802E9
:102950000A80816A891C08E0026972B102685268C3
:1029600002F07F020A70816A491C8162C18D491E92
:102970000904090CC18503D01BE002685268F1E725
:102980000168CA6822F02002CA600168CA6822F49D
:102990008072CA6001684A6922F001024A612021FE
:1029A00080F8421000214163026B012A03D0FFF737
:1029B000B3FB002008BD016301680C3151E8002F12
:1029C00022F0100241E80023002BF5D101680A68CB
:1029D000D20602D50A6849680091818DFFF7DBF9BC
:1029E000E7E7000070B5044600680169E26821F479
:1029F0004051114301612169A068E269084361699E
:102A0000114308432168CA6849F20C639A430243A0
:102A1000CA6020684169A26921F440711143416193
:102A200031492068884202D03049884202D1FEF7FD
:102A300075FE01E0FEF762FEE269002319216425BC
:102A40003226B2F5004F626828D0A0FB0101930F37
:102A50009200FDF715FC0146B0FBF5F06FF018028F
:102A6000504301EB800006EB0010B0FBF5F000F0E6
:102A7000F002B1FBF5F002EB0012B1FBF5F06FF0E4
:102A80001803584301EB800006EB0010B0FBF5F093
:102A900000F00F0021681044886070BDA0FB0101A8
:102AA00092185B41FDF7ECFB0146B0FBF5F002012B
:102AB000B1FBF5F06FF01803584301EB800006EB13
:102AC000C000B0FBF5F000F0F80002EB4002B1FBF3
:102AD000F5F0584301EB800006EBC000B0FBF5F0C9
:102AE00000F00700D6E7000000100140001401408C
:102AF00081628285C28500214164222180F84210D2
:102B0000016921B10168CA6842F48072CA60016833
:102B10004A6942F001024A610068C16841F020013F
:102B2000C160002070472DE9F843984617460D46CE
:102B30000446089E24E0701C22D0FEF755FCA0EB52
:102B40000800B0421AD8CEB12068C168490717D52D
:102B5000802D15D0402D13D00168C94309070FD42B
:102B600001680025406800902046FFF7B2FE08206B
:102B7000606484F840500120BDE8F8830320FBE73F
:102B80002068006835EA000004D00020B842D2D0A6
:102B90000020F1E70120F9E70148FFF7FFB8000046
:102BA000C8010020FEE700000FB4054B10B503A9D3
:102BB000044A029800F028F810BC5DF814FB0000ED
:102BC0004D310008CC0000200907090E002804DB65
:102BD00000F1E02080F80014704700F00F0000F1D1
:102BE000E02080F8141D704702E008C8121F08C1D9
:102BF000002AFAD170477047002001E001C1121F7E
:102C0000002AFBD1704700002DE9FF4F8DB09B4695
:102C10000F460446002606E025280BD05A460F9999
:102C20009047641C761C20780028F5D111B03046FE
:102C3000BDE8F08F0025A8460122984900E0054331
:102C400014F8013F203B02FA03F00842F7D1207844
:102C50002E2817D114F8010F45F004052A280ED0AC
:102C60006FF02F022078A0F1300109290AD808EB73
:102C7000880102EB410100EB0108641CF2E757F800
:102C8000048B641C20786C280DD004DC4C2812D0F6
:102C90006A2811D104E074280DD07A280CD10AE0FA
:102CA00045F4001507E0617845F48015814202D1B2
:102CB000641C05F58015641C2278692A45D008DC5F
:102CC000002AB3D0582A69D0632A10D0642A08D1C8
:102CD0003BE0702A67D0732A13D0752A5CD0782A1B
:102CE0005CD010465A460F999047761CD3E017F8EF
:102CF000040B8DF8000000208DF80100E94601204A
:102D000003E057F8049B4FF0FF3069074FF00005D0
:102D100001D40AE06D1C45450DDA8542FADB19F84D
:102D200005100029F6D106E06D1C8542FCDB19F880
:102D300005100029F8D12E4404E019F8010B5A4679
:102D40000F9990476D1EF8D2A5E00A200021CDE929
:102D50000801C5F3025002280DD001CFC117031E90
:102D600071F100030DDA4FF0000CD0EB0C006CEBAE
:102D700001012D2308E0FF1D27F00707F7E80201F6
:102D8000EDE72B0504D52B238DF8283001233BE0FC
:102D9000EB0739D02023F7E70A2000E010200021BC
:102DA000CDE9080107E01020002145F00405CDE938
:102DB00008014FF00808C5F3025002280FD001CFD8
:102DC00000214FF0000A2B071FD5702A0DD0DDE936
:102DD00008C38CF0100C5CEA030C0CD015E0FF1D4E
:102DE00027F00707F7E80201EBE740228DF82820DB
:102DF0004FF0010A0BE050EA010306D030238DF8B2
:102E000028308DF8292002239A46582A04D024A27B
:102E10000DF120090B9209E026A2F9E7DDE908236C
:102E2000FDF72EFA0B9B9B5C09F8013D50EA01026D
:102E3000F4D1ADEB090020300890680701D44FF0C1
:102E400001080899884502DDA8EB010000E0002098
:102E50008046002506E00AA85A46405D0F99904733
:102E60006D1C761C5545F6DB04E030205A460F9960
:102E70009047761CB8F10001A8F10108F5DC05E0E7
:102E800019F8010B5A460F999047761C0899481E6D
:102E900008900029F4DC641CC5E600000928010044
:102EA00030313233343536373839616263646566C0
:102EB0000000000030313233343536373839414282
:102EC000434445460000000010B50648FDF7C8FE23
:102ED0000A210448FDF76EFE0248FDF74FFD80B25F
:102EE00010BD0000D00000202DE9F04100250E4665
:102EF00007462C4608E03846FFF7E6FF0544052064
:102F000000F02CF8641CE4B2B442F4D3B5FBF6F044
:102F1000BDE8F08110B50C4C206808B9FFF720FC23
:102F20000A492068B0FBF1F00949086009480168C6
:102F300041F080710160084800214160016841F062
:102F40000101016010BD00004800002040420F0058
:102F500024000020FCED00E0001000E070B5054604
:102F600000244FF47A7603E0304600F005F8641C44
:102F7000AC42F9D370BD000004494A68044B1B6899
:102F800058434B689B1A8342FBD37047001000E004
:102F900024000020FCB50022009201921A4A936896
:102FA000127803EB8303DF00532A27D3DFF85CC0DA
:102FB00000226C460CEBC2031D69DB68EE1A04EBC1
:102FC000D2031D786D062D0E1D70BE4202D945F04C
:102FD00001051D70521CD2B2282AEBD39DF8003097
:102FE0009DF801209DF803509C189DF8022015447F
:102FF0002C449DF80450E4B2AC4201D00120FCBD49
:103000000B7002700020FCBD300000208003002007
:1030100010B514481449154C0068B0FBF1F0A060DD
:103020001348016841F0807101601248002141603D
:10303000016841F00101016003220021012004F038
:103040007DFB606008B9FDF77CFB00F015F80022FD
:1030500005211720FEF766FABDE810401720FEF79D
:1030600053BA00004800002040420F00300000200A
:10307000FCED00E0001000E000B585B014216846CA
:10308000FDF748F94FF400700090112001900120E5
:1030900002900220039069460248FEF79BF805B0B3
:1030A00000BD0000001802402DE9F04F244C8A4674
:1030B000834685B04FF001090021606804F00CFEE2
:1030C000FFF7DAFFDFF87C804FF400750022294615
:1030D0004046FEF784F9142004F040F90122294605
:1030E0004046FEF77CF9002626706670142168467B
:1030F000FDF710F94FF44410CDE9005001270220EC
:10310000CDE9027069464046FEF764F80E48056056
:1031100067700A21606804F0DFFD012804D1514680
:103120005846FFF737FF81466670FFF7A5FF01227B
:1031300029464046FEF753F905B04846BDE8F08FF2
:103140003000002000180240143C014013B56423F5
:10315000012269460248FFF713F800981CBD0000E1
:10316000C801002070B50A490646002408884D8829
:1031700021464543204602F021FF03F0F1F84FF0CD
:10318000D84002E0A0F88060641CAC42FAD370BD65
:10319000700300202DE9F04F38492C260A4688712B
:1031A00092884FF4305A4FF4285B41F6631E2B2768
:1031B0004FF02A0C4FF0F00845F210594FF44875C3
:1031C0004FF4A0744FF4F07358B10C80A1F8028052
:1031D0004A4530D1A1F808A0A1F80AB03802888188
:1031E00041E0A1F800804C804A4507D1A1F808A031
:1031F000A1F80AB04FF42C50888105E072450E8189
:1032000005D14F81A1F80CC00B804D8002E0A1F8E0
:103210000AC08F81A2F5A640103803D0A2F5EE4077
:10322000963801D10C804B80A2F5184006381FD18A
:103230000B804D801CE0724511D0A2F51840063875
:103240000DD00E81A1F80AC0A1F80C70A2F5A6401D
:1032500010380BD0A2F5EE40963807D008E00E816A
:10326000A1F80AC08F810D804B80EFE70B804C8066
:10327000BDE8F04F002002F0DFBD00007003002029
:1032800010B5144602F09AFE03F06AF84FF0D840E9
:10329000A0F8804010BD10B5CF2003F055F80020F5
:1032A00003F046F8C12003F043F8302003F040F863
:1032B000ED2003F049F8642003F03AF8032003F00E
:1032C00037F8122003F034F8812003F031F8E820B9
:1032D00003F03AF8852003F02BF8102003F028F8CB
:1032E0007A2003F025F8CB2003F02EF8392003F0E4
:1032F0001FF82C2003F01CF8002003F019F83420EC
:1033000003F016F8022003F013F8F72003F01CF87E
:10331000202003F00DF8EA2003F016F8002003F057
:1033200007F8002003F004F8C02003F00DF81B207C
:1033300002F0FEFFC12003F007F8012002F0F8FFC1
:10334000C52003F001F8302002F0F2FF302002F037
:10335000EFFFC72002F0F8FFB72002F0E9FF3620A8
:1033600002F0F2FF482002F0E3FF3A2002F0ECFF07
:10337000552002F0DDFFB12002F0E6FF002002F050
:10338000D7FF1A2002F0D4FFB62002F0DDFF0A209A
:1033900002F0CEFFA22002F0CBFFF22002F0D4FF19
:1033A000002002F0C5FF262002F0CEFF012002F02F
:1033B000BFFFE02002F0C8FF0F2002F0B9FF2A2073
:1033C00002F0B6FF282002F0B3FF082002F0B0FFA1
:1033D0000E2002F0ADFF082002F0AAFF542002F0F8
:1033E000A7FFA92002F0A4FF432002F0A1FF0A20BA
:1033F00002F09EFF0F2002F09BFF002002F098FFDA
:10340000002002F095FF002002F092FF002002F061
:103410008FFFE12002F098FF002002F089FF1520C5
:1034200002F086FF172002F083FF072002F080FFE2
:10343000112002F07DFF062002F07AFF2B2002F01F
:1034400077FF562002F074FF3C2002F071FF052048
:1034500002F06EFF102002F06BFF0F2002F068FFF9
:103460003F2002F065FF3F2002F062FF0F2002F0D4
:103470005FFF2B2002F068FF002002F059FF0020C0
:1034800002F056FF012002F053FF3F2002F050FFF0
:103490002A2002F059FF002002F04AFF002002F02B
:1034A00047FF002002F044FFEF2002F041FF11200F
:1034B00002F04AFF7820FDF7E7FDBDE81040292023
:1034C00002F042BF10B5FF2002F03EFFFF2002F0E5
:1034D0002FFF982002F02CFF062002F029FFBC20CD
:1034E00002F032FF012002F023FF0F2002F020FF44
:1034F000612002F01DFFFF2002F01AFF012002F000
:1035000017FF012002F014FF0B2002F011FF102022
:1035100002F00EFF372002F00BFF632002F008FFDD
:10352000FF2002F005FFFF2002F002FF012002F061
:10353000FFFE012002F0FCFE002002F0F9FE002058
:1035400002F0F6FEFF2002F0F3FE522002F0F0FE41
:10355000012002F0EDFE002002F0EAFE402002F021
:10356000E7FEBD2002F0F0FE012002F0E1FE232084
:1035700002F0DEFE452002F0DBFE672002F0D8FEFE
:10358000012002F0D5FE232002F0D2FE452002F0F9
:10359000CFFE672002F0CCFEBE2002F0D5FE002058
:1035A00002F0C6FE012002F0C3FEAB2002F0C0FE16
:1035B000602002F0BDFE222002F0BAFE222002F0BE
:1035C000B7FE222002F0B4FE222002F0B1FE22203B
:1035D00002F0AEFEC72002F0B7FE362002F0A8FED1
:1035E000ED2002F0B1FE7F2002F0A2FE0F2002F0DB
:1035F0009FFEC02002F0A8FE0F2002F099FE0B20D3
:1036000002F096FE0A2002F093FEFC2002F09CFEDF
:10361000082002F08DFEDF2002F096FE002002F06E
:1036200087FE002002F084FE002002F081FE0020D0
:1036300002F07EFE002002F07BFE202002F078FEE9
:10364000F32002F081FE742002F072FEB42002F03A
:103650007BFE002002F06CFE002002F069FE0020DC
:1036600002F066FEF72002F06FFE822002F060FE9C
:10367000B12002F069FE002002F05AFE132002F091
:1036800057FE132002F054FEF22002F05DFE80206F
:1036900002F04EFE042002F04BFE402002F048FEF5
:1036A000282002F045FEC12002F04EFE172002F055
:1036B0003FFE882002F03CFE882002F039FE2020E8
:1036C00002F036FEE02002F03FFE002002F030FE65
:1036D0000A2002F02DFE122002F02AFE102002F035
:1036E00027FE0E2002F024FE202002F021FECC2036
:1036F00002F01EFE072002F01BFE062002F018FE5C
:103700000B2002F015FE0E2002F012FE0F2002F038
:103710000FFE0D2002F00CFE152002F009FE102015
:1037200002F006FE002002F003FEE12002F00CFE93
:10373000002002F0FDFD0B2002F0FAFD132002F044
:10374000F7FD0D2002F0F4FD0E2002F0F1FD1B202C
:1037500002F0EEFD712002F0EBFD062002F0E8FD24
:10376000062002F0E5FD0A2002F0E2FD0F2002F043
:10377000DFFD0E2002F0DCFD0F2002F0D9FD152048
:1037800002F0D6FD0C2002F0D3FD002002F0D0FDA7
:103790002A2002F0D9FD002002F0CAFD002002F02C
:1037A000C7FD012002F0C4FDDF2002F0C1FD2B2087
:1037B00002F0CAFD002002F0BBFD002002F0B8FDBF
:1037C000032002F0B5FD1F2002F0B2FD3A2002F006
:1037D000BBFD552002F0ACFD362002F0B5FD002007
:1037E00002F0A6FD112002F0AFFD7820FDF74CFCA1
:1037F000292002F0A9FD1420FDF746FCBDE8104089
:103800002C2002F0A1BD10B5ED2002F09DFD01209D
:1038100002F08EFDFE2002F08BFDEE2002F094FD02
:10382000DE2002F085FD212002F082FDF12002F071
:103830008BFD012002F07CFDDF2002F085FD1020D1
:1038400002F076FDC42002F07FFD8F2002F070FDB3
:10385000C62002F079FD002002F06AFDE22002F0AD
:1038600067FDE22002F064FDE22002F061FDBF206E
:1038700002F06AFDAA2002F05BFDB02002F064FDB8
:103880000D2002F055FD002002F052FD0D2002F047
:103890004FFD002002F04CFD112002F049FD0020F8
:1038A00002F046FD192002F043FD002002F040FD29
:1038B000212002F03DFD002002F03AFD2D2002F013
:1038C00037FD002002F034FD3D2002F031FD0020E4
:1038D00002F02EFD5D2002F02BFD002002F028FDFD
:1038E0005D2002F025FD002002F022FDB12002F053
:1038F0002BFD802002F01CFD002002F019FD8B2022
:1039000002F016FD002002F013FD962002F010FDDB
:10391000002002F00DFDB22002F016FD002002F0A2
:1039200007FD002002F004FD022002F001FD00204E
:1039300002F0FEFC032002F0FBFC002002F0F8FC89
:10394000B32002F001FD002002F0F2FC002002F0A2
:10395000EFFC002002F0ECFC002002F0E9FC00206B
:1039600002F0E6FC002002F0E3FC002002F0E0FCA4
:10397000002002F0DDFC002002F0DAFC002002F062
:10398000D7FC002002F0D4FC002002F0D1FC002083
:1039900002F0CEFC002002F0CBFC002002F0C8FCBC
:1039A000002002F0C5FC002002F0C2FC002002F062
:1039B000BFFC002002F0BCFC002002F0B9FC00209B
:1039C00002F0B6FC002002F0B3FC002002F0B0FCD4
:1039D000002002F0ADFCB42002F0B6FC8B2002F017
:1039E000A7FC002002F0A4FC962002F0A1FC00201D
:1039F00002F09EFCA12002F09BFC002002F098FC4B
:103A0000B52002F0A1FC022002F092FC002002F09E
:103A10008FFC032002F08CFC002002F089FC0420C3
:103A200002F086FC002002F083FCB62002F08CFC41
:103A3000002002F07DFC002002F07AFCB72002F0AA
:103A400083FC002002F074FC002002F071FC3F2097
:103A500002F06EFC002002F06BFC5E2002F068FCBD
:103A6000002002F065FC642002F062FC002002F0FD
:103A70005FFC8C2002F05CFC002002F059FCAC20C2
:103A800002F056FC002002F053FCDC2002F050FC57
:103A9000002002F04DFC702002F04AFC002002F0F1
:103AA00047FC902002F044FC002002F041FCEB2097
:103AB00002F03EFC002002F03BFCDC2002F038FC6F
:103AC000002002F035FCB82002F03EFC002002F09D
:103AD0002FFC002002F02CFC002002F029FC00202A
:103AE00002F026FC002002F023FC002002F020FC63
:103AF000002002F01DFC002002F01AFCBA2002F0A7
:103B000023FC242002F014FC002002F011FC002011
:103B100002F00EFC002002F00BFCC12002F014FCAD
:103B2000202002F005FC002002F002FC542002F0EC
:103B3000FFFB002002F0FCFBFF2002F0F9FB00205D
:103B400002F0F6FBC22002F0FFFB0A2002F0F0FBBD
:103B5000002002F0EDFB042002F0EAFB002002F05E
:103B6000E7FBC32002F0F0FB3C2002F0E1FB002069
:103B700002F0DEFB3A2002F0DBFB002002F0D8FB73
:103B8000392002F0D5FB002002F0D2FB372002F0F2
:103B9000CFFB002002F0CCFB3C2002F0C9FB002050
:103BA00002F0C6FB362002F0C3FB002002F0C0FB8F
:103BB000322002F0BDFB002002F0BAFB2F2002F001
:103BC000B7FB002002F0B4FB2C2002F0B1FB002078
:103BD00002F0AEFB292002F0ABFB002002F0A8FBB4
:103BE000262002F0A5FB002002F0A2FB242002F018
:103BF0009FFB002002F09CFB242002F099FB002098
:103C000002F096FB232002F093FB002002F090FBD1
:103C10003C2002F08DFB002002F08AFB362002F0EF
:103C200087FB002002F084FB322002F081FB0020A1
:103C300002F07EFB2F2002F07BFB002002F078FBDD
:103C40002C2002F075FB002002F072FB292002F00C
:103C50006FFB002002F06CFB262002F069FB0020C5
:103C600002F066FB242002F063FB002002F060FB00
:103C7000242002F05DFB002002F05AFB232002F01A
:103C800057FB002002F054FBC42002F05DFB6220D1
:103C900002F04EFB002002F04BFB052002F048FB37
:103CA000002002F045FB842002F042FB002002F0DD
:103CB0003FFBF02002F03CFB002002F039FB182013
:103CC00002F036FB002002F033FBA42002F030FBB0
:103CD000002002F02DFB182002F02AFB002002F049
:103CE00027FB502002F024FB002002F021FB0C20D7
:103CF00002F01EFB002002F01BFB172002F018FB55
:103D0000002002F015FB952002F012FB002002F0CB
:103D10000FFBF32002F00CFB002002F009FBE62071
:103D200002F006FB002002F003FBC52002F00CFBB2
:103D3000322002F0FDFA002002F0FAFA442002F0EC
:103D4000F7FA002002F0F4FA652002F0F1FA002000
:103D500002F0EEFA762002F0EBFA002002F0E8FA28
:103D6000882002F0E5FA002002F0E2FAC62002F014
:103D7000EBFA202002F0DCFA002002F0D9FA17203A
:103D800002F0D6FA002002F0D3FA012002F0D0FAB5
:103D9000002002F0CDFAC72002F0D6FA002002F08F
:103DA000C7FA002002F0C4FA002002F0C1FA002095
:103DB00002F0BEFAC82002F0C7FA002002F0B8FAFA
:103DC000002002F0B5FA002002F0B2FA002002F062
:103DD000AFFAC92002F0B8FA002002F0A9FA0020D8
:103DE00002F0A6FA002002F0A3FA002002F0A0FAE6
:103DF000002002F09DFA002002F09AFA002002F062
:103E000097FA002002F094FA002002F091FA0020C4
:103E100002F08EFA002002F08BFA002002F088FAFD
:103E2000002002F085FA002002F082FA002002F061
:103E30007FFA002002F07CFAE02002F085FA1620DA
:103E400002F076FA002002F073FA1C2002F070FAF9
:103E5000002002F06DFA212002F06AFA002002F040
:103E600067FA362002F064FA002002F061FA462078
:103E700002F05EFA002002F05BFA522002F058FADB
:103E8000002002F055FA642002F052FA002002F0FD
:103E90004FFA7A2002F04CFA002002F049FA8B2007
:103EA00002F046FA002002F043FA992002F040FAAC
:103EB000002002F03DFAA82002F03AFA002002F0B9
:103EC00037FAB92002F034FA002002F031FAC420A7
:103ED00002F02EFA002002F02BFACA2002F028FA93
:103EE000002002F025FAD22002F022FA002002F08F
:103EF0001FFAD92002F01CFA002002F019FAE02083
:103F000002F016FA002002F013FAF32002F010FA81
:103F1000002002F00DFAE12002F016FA162002F05D
:103F200007FA002002F004FA1C2002F001FA002037
:103F300002F0FEF9222002F0FBF9002002F0F8F96D
:103F4000362002F0F5F9002002F0F2F9452002F0E7
:103F5000EFF9002002F0ECF9522002F0E9F900201C
:103F600002F0E6F9642002F0E3F9002002F0E0F943
:103F70007A2002F0DDF9002002F0DAF98B2002F05D
:103F8000D7F9002002F0D4F9992002F0D1F90020ED
:103F900002F0CEF9A82002F0CBF9002002F0C8F917
:103FA000B92002F0C5F9002002F0C2F9C42002F0E5
:103FB000BFF9002002F0BCF9CA2002F0B9F90020D4
:103FC00002F0B6F9D22002F0B3F9002002F0B0F905
:103FD000D82002F0ADF9002002F0AAF9E02002F0AA
:103FE000A7F9002002F0A4F9F32002F0A1F90020C3
:103FF00002F09EF9E22002F0A7F9052002F098F9FC
:10400000002002F095F90B2002F092F9002002F056
:104010008FF91B2002F08CF9002002F089F934207E
:1040200002F086F9002002F083F9442002F080F9C2
:10403000002002F07DF94F2002F07AF9002002F012
:1040400077F9612002F074F9002002F071F979200B
:1040500002F06EF9002002F06BF9882002F068F996
:10406000002002F065F9972002F062F9002002F0CA
:104070005FF9A62002F05CF9002002F059F9B720A0
:1040800002F056F9002002F053F9C22002F050F974
:10409000002002F04DF9C72002F04AF9002002F09A
:1040A00047F9D12002F044F9002002F041F9D6206E
:1040B00002F03EF9002002F03BF9DD2002F038F971
:1040C000002002F035F9F32002F032F9002002F06E
:1040D0002FF9E32002F038F9052002F029F9002039
:1040E00002F026F90A2002F023F9002002F020F95C
:1040F0001C2002F01DF9002002F01AF9332002F012
:1041000017F9002002F014F9442002F011F9002000
:1041100002F00EF9502002F00BF9002002F008F92D
:10412000622002F005F9002002F002F9782002F086
:10413000FFF8002002F0FCF8882002F0F9F80020D7
:1041400002F0F6F8972002F0F3F8002002F0F0F801
:10415000A62002F0EDF8002002F0EAF8B72002F005
:10416000E7F8002002F0E4F8C22002F0E1F80020B5
:1041700002F0DEF8C72002F0DBF8002002F0D8F8E9
:10418000D12002F0D5F8002002F0D2F8D52002F0BC
:10419000CFF8002002F0CCF8DD2002F0C9F80020B2
:1041A00002F0C6F8F32002F0C3F8002002F0C0F8D5
:1041B000E42002F0C9F8012002F0BAF8002002F071
:1041C000B7F8012002F0B4F8002002F0B1F80220A4
:1041D00002F0AEF8002002F0ABF82A2002F0A8F8B6
:1041E000002002F0A5F83C2002F0A2F8002002F026
:1041F0009FF84B2002F09CF8002002F099F85D2017
:1042000002F096F8002002F093F8742002F090F883
:10421000002002F08DF8842002F08AF8002002F0DD
:1042200087F8932002F084F8002002F081F8A220A1
:1042300002F07EF8002002F07BF8B32002F078F85C
:10424000002002F075F8BE2002F072F8002002F0A3
:104250006FF8C42002F06CF8002002F069F8CD205D
:1042600002F066F8002002F063F8D32002F060F854
:10427000002002F05DF8DD2002F05AF8002002F084
:1042800057F8F32002F054F8002002F051F8E5202E
:1042900002F05AF8002002F04BF8002002F048F833
:1042A000002002F045F8002002F042F8022002F05F
:1042B0003FF8002002F03CF8292002F039F80020F5
:1042C00002F036F83C2002F033F8002002F030F81B
:1042D0004B2002F02DF8002002F02AF85D2002F0B9
:1042E00027F8002002F024F8742002F021F80020C2
:1042F00002F01EF8842002F01BF8002002F018F8EB
:10430000932002F015F8002002F012F8A22002F02B
:104310000FF8002002F00CF8B32002F009F800209A
:1043200002F006F8BE2002F003F8002002F000F8C8
:10433000C42001F0FDFF002001F0FAFFCD2001F0C4
:10434000F7FF002001F0F4FFD32001F0F1FF00207F
:1043500001F0EEFFDC2001F0EBFF002001F0E8FFB0
:10436000F32001F0E5FF002001F0E2FFE62001F07C
:10437000EBFF112001F0DCFF002001F0D9FF342019
:1043800001F0D6FF002001F0D3FF562001F0D0FF4E
:10439000002001F0CDFF762001F0CAFF002001F0DF
:1043A000C7FF772001F0C4FF002001F0C1FF6620A5
:1043B00001F0BEFF002001F0BBFF882001F0B8FF34
:1043C000002001F0B5FF992001F0B2FF002001F0BC
:1043D000AFFFBB2001F0ACFF002001F0A9FF992046
:1043E00001F0A6FF002001F0A3FF662001F0A0FF6E
:1043F000002001F09DFF552001F09AFF002001F000
:1044000097FF552001F094FF002001F091FF452017
:1044100001F08EFF002001F08BFF432001F088FFA8
:10442000002001F085FF442001F082FF002001F010
:104430007FFFE72001F088FF322001F079FF0020A4
:1044400001F076FF552001F073FF002001F070FFAE
:10445000762001F06DFF002001F06AFF662001F078
:1044600067FF002001F064FF672001F061FF00207A
:1044700001F05EFF672001F05BFF002001F058FFB4
:10448000872001F055FF002001F052FF992001F034
:104490004FFF002001F04CFFBB2001F049FF00203E
:1044A00001F046FF992001F043FF002001F040FF9A
:1044B000772001F03DFF002001F03AFF442001F099
:1044C00037FF002001F034FF562001F031FF0020BB
:1044D00001F02EFF232001F02BFF002001F028FF28
:1044E000332001F025FF002001F022FF452001F0DC
:1044F0001FFF002001F01CFFE82001F025FF002035
:1045000001F016FF002001F013FF992001F010FFC9
:10451000002001F00DFF872001F00AFF002001F0CC
:1045200007FF882001F004FF002001F001FF772041
:1045300001F0FEFE002001F0FBFE662001F0F8FE17
:10454000002001F0F5FE882001F0F2FE002001F0CD
:10455000EFFEAA2001F0ECFE002001F0E9FEBB20F6
:1045600001F0E6FE002001F0E3FE992001F0E0FEFC
:10457000002001F0DDFE662001F0DAFE002001F0EF
:10458000D7FE552001F0D4FE002001F0D1FE5520C9
:1045900001F0CEFE002001F0CBFE442001F0C8FE69
:1045A000002001F0C5FE442001F0C2FE002001F011
:1045B000BFFE552001F0BCFE002001F0B9FEE9204D
:1045C00001F0C2FEAA2001F0B3FE002001F0B0FE0F
:1045D000002001F0ADFE002001F0AAFE002001F055
:1045E000B3FEAA2001F0A4FECF2001F0ADFE002012
:1045F00001F09EFE002001F09BFE002001F098FEDD
:10460000002001F095FE002001F092FE002001F054
:104610008FFE002001F08CFE002001F089FE0020BA
:1046200001F086FE002001F083FE002001F080FEF4
:10463000002001F07DFE002001F07AFE002001F054
:1046400077FE002001F074FE002001F071FE0020D2
:1046500001F06EFEF02001F077FE002001F068FE10
:10466000502001F065FE002001F062FE002001F004
:104670005FFE002001F05CFEF32001F065FE0020EB
:1046800001F056FEF92001F05FFE062001F050FE19
:10469000102001F04DFE292001F04AFE002001F01B
:1046A00047FE3A2001F050FE552001F041FE112056
:1046B00001F04AFE6420FCF7E7FC292001F044FEEB
:1046C000352001F041FE002001F032FE512001F0C2
:1046D0003BFEFF2001F02CFE532001F035FE2C2084
:1046E00001F026FE552001F02FFE822001F020FE71
:1046F000BDE810402C2001F027BE2DE9F05F4FF4FB
:1047000070445521204601F035FE651CAA2128463B
:1047100001F030FEA61C5221304601F02BFEE71CB2
:104720000821384601F026FE4FF2040801214046D8
:1047300001F020FE4FF436433421184601F01AFEF2
:1047400034214BF2016001F015FE34214BF202607E
:1047500001F010FE4FF430490D21484601F00AFEE9
:104760004BF2010A0D21504601F004FE4BF2020B00
:104770000D21584601F0FEFD24214FF4374001F091
:10478000F9FD24214BF2017001F0F4FD24214BF2DC
:10479000027001F0EFFD0D214FF4314001F0EAFD10
:1047A0000D214BF2011001F0E5FD0D214BF202103D
:1047B00001F0E0FD24214FF4384001F0DBFD24211D
:1047C0004BF6010001F0D6FD24214BF6020001F06A
:1047D000D1FD00214FF4324001F0CCFD24214FF4F3
:1047E000394001F0C7FD24214BF6011001F0C2FD54
:1047F00024214BF6021001F0BDFD05214FF433409A
:1048000001F0B8FD05214BF2013001F0B3FD0521A7
:104810004BF2023001F0AEFD34214FF43A4001F08A
:10482000A9FD34214BF6012001F0A4FD34214BF603
:10483000022001F09FFD0B214FF4354001F09AFD5D
:104840000B214BF2015001F095FD0B214BF2025070
:1048500001F090FD00214FF43C4001F08BFDA321BD
:104860004BF6014001F086FD00214BF6024001F0BD
:1048700081FD00214FF43D4001F07CFDA3214BF66A
:10488000015001F077FD00214BF6025001F072FD5E
:1048900000214FF43E4001F06DFD37214BF60160E1
:1048A00001F068FD00214FF4514001F063FD372114
:1048B0004DF2011001F05EFD00214DF2021001F0F9
:1048C00059FD53214DF2031001F054FD00214DF22A
:1048D000041001F04FFD79214DF2051001F04AFD61
:1048E00000214DF2061001F045FD97214DF2071011
:1048F00001F040FD00214DF2081001F03BFDB12117
:104900004DF2091001F036FD00214DF20A1001F0C0
:1049100031FDD5214DF20B1001F02CFD00214DF29F
:104920000C1001F027FDF4214DF20D1001F022FDD5
:1049300001214DF20E1001F01DFD23214DF20F104B
:1049400001F018FD01214DF2101001F013FD492175
:104950004DF2111001F00EFD01214DF2121001F087
:1049600009FD87214DF2131001F004FD01214DF2E4
:10497000141001F0FFFCB6214DF2151001F0FAFC05
:1049800002214DF2161001F0F5FC00214DF2171036
:1049900001F0F0FC02214DF2181001F0EBFC3B217C
:1049A0004DF2191001F0E6FC02214DF21A1001F04F
:1049B000E1FC3D214DF21B1001F0DCFC02214DF227
:1049C0001C1001F0D7FC75214DF21D1001F0D2FC36
:1049D00002214DF21E1001F0CDFCB1214DF21F104D
:1049E00001F0C8FC02214DF2201001F0C3FCD521DA
:1049F0004DF2211001F0BEFC03214DF2221001F016
:104A0000B9FC09214DF2231001F0B4FC03214DF251
:104A1000241001F0AFFC28214DF2251001F0AAFC72
:104A200003214DF2261001F0A5FC52214DF2271072
:104A300001F0A0FC03214DF2281001F09BFC6B213A
:104A40004DF2291001F096FC03214DF22A1001F0DD
:104A500091FC8D214DF22B1001F08CFC03214DF2C5
:104A60002C1001F087FCA2214DF22D1001F082FCE8
:104A700003214DF22E1001F07DFCBB214DF22F10D1
:104A800001F078FC03214DF2301001F073FCC121DC
:104A90004DF2311001F06EFC03214DF2321001F0A5
:104AA00069FCC1214DF2331001F064FC00214FF488
:104AB000524001F05FFC37214DF2012001F05AFC19
:104AC00000214DF2022001F055FC53214DF203204C
:104AD00001F050FC00214DF2042001F04BFC792143
:104AE0004DF2052001F046FC00214DF2062001F0B8
:104AF00041FC97214DF2072001F03CFC00214DF2D2
:104B0000082001F037FCB1214DF2092001F032FC00
:104B100000214DF20A2001F02DFCD5214DF20B2091
:104B200001F028FC00214DF20C2001F023FCF421BF
:104B30004DF20D2001F01EFC01214DF20E2001F07E
:104B400019FC23214DF20F2001F014FC01214DF23C
:104B5000102001F00FFC49214DF2112001F00AFC58
:104B600001214DF2122001F005FC87214DF21320A6
:104B700001F000FC01214DF2142001F0FBFBB621F5
:104B80004DF2152001F0F6FB02214DF2162001F046
:104B9000F1FB00214DF2172001F0ECFB02214DF258
:104BA000182001F0E7FB3B214DF2192001F0E2FB58
:104BB00002214DF21A2001F0DDFB3D214DF21B20B8
:104BC00001F0D8FB02214DF21C2001F0D3FB75212E
:104BD0004DF21D2001F0CEFB02214DF21E2001F00E
:104BE000C9FBB1214DF21F2001F0C4FB02214DF29F
:104BF000202001F0BFFBD5214DF2212001F0BAFBAE
:104C000003214DF2222001F0B5FB09214DF22320B2
:104C100001F0B0FB03214DF2242001F0ABFB282171
:104C20004DF2252001F0A6FB03214DF2262001F0D4
:104C3000A1FB52214DF2272001F09CFB03214DF2F4
:104C4000282001F097FB6B214DF2292001F092FB07
:104C500003214DF22A2001F08DFB8D214DF22B20F6
:104C600001F088FB03214DF22C2001F083FBA221EF
:104C70004DF22D2001F07EFB03214DF22E2001F09C
:104C800079FBBB214DF22F2001F074FB03214DF283
:104C9000302001F06FFBC1214DF2312001F06AFBA1
:104CA00003214DF2322001F065FBC1214DF233208A
:104CB00001F060FB00214FF4534001F05BFB372112
:104CC0004DF2013001F056FB00214DF2023001F0AF
:104CD00051FB53214DF2033001F04CFB00214DF20A
:104CE000043001F047FB79214DF2053001F042FB21
:104CF00000214DF2063001F03DFB97214DF20730C7
:104D000001F038FB00214DF2083001F033FBB121F6
:104D10004DF2093001F02EFB00214DF20A3001F076
:104D200029FBD5214DF20B3001F024FB00214DF27F
:104D30000C3001F01FFBF4214DF20D3001F01AFB95
:104D400001214DF20E3001F015FB23214DF20F3001
:104D500001F010FB01214DF2103001F00BFB492155
:104D60004DF2113001F006FB01214DF2123001F03D
:104D700001FB87214DF2133001F0FCFA01214DF2C5
:104D8000143001F0F7FAB6214DF2153001F0F2FAC5
:104D900002214DF2163001F0EDFA00214DF21730EC
:104DA00001F0E8FA02214DF2183001F0E3FA3B215C
:104DB0004DF2193001F0DEFA02214DF21A3001F005
:104DC000D9FA3D214DF21B3001F0D4FA02214DF207
:104DD0001C3001F0CFFA75214DF21D3001F0CAFAF6
:104DE00002214DF21E3001F0C5FAB1214DF21F3003
:104DF00001F0C0FA02214DF2203001F0BBFAD521BA
:104E00004DF2213001F0B6FA03214DF2223001F0CB
:104E1000B1FA09214DF2233001F0ACFA03214DF231
:104E2000243001F0A7FA28214DF2253001F0A2FA32
:104E300003214DF2263001F09DFA52214DF2273028
:104E400001F098FA03214DF2283001F093FA6B211A
:104E50004DF2293001F08EFA03214DF22A3001F093
:104E600089FA8D214DF22B3001F084FA03214DF2A5
:104E70002C3001F07FFAA2214DF22D3001F07AFAA8
:104E800003214DF22E3001F075FABB214DF22F3087
:104E900001F070FA03214DF2303001F06BFAC121BC
:104EA0004DF2313001F066FA03214DF2323001F05B
:104EB00061FAC1214DF2333001F05CFA00214FF468
:104EC000544001F057FA37214DF2014001F052FAF7
:104ED00000214DF2024001F04DFA53214DF2034002
:104EE00001F048FA00214DF2044001F043FA792123
:104EF0004DF2054001F03EFA00214DF2064001F06E
:104F000039FA97214DF2074001F034FA00214DF2B1
:104F1000084001F02FFAB1214DF2094001F02AFAC0
:104F200000214DF20A4001F025FAD5214DF20B4047
:104F300001F020FA00214DF20C4001F01BFAF4219F
:104F40004DF20D4001F016FA01214DF20E4001F034
:104F500011FA23214DF20F4001F00CFA01214DF21C
:104F6000104001F007FA49214DF2114001F002FA18
:104F700001214DF2124001F0FDF987214DF213405D
:104F800001F0F8F901214DF2144001F0F3F9B621D6
:104F90004DF2154001F0EEF902214DF2164001F0FC
:104FA000E9F900214DF2174001F0E4F902214DF238
:104FB000184001F0DFF93B214DF2194001F0DAF918
:104FC00002214DF21A4001F0D5F93D214DF21B406E
:104FD00001F0D0F902214DF21C4001F0CBF975210E
:104FE0004DF21D4001F0C6F902214DF21E4001F0C4
:104FF000C1F9B1214DF21F4001F0BCF902214DF27F
:10500000204001F0B7F9D5214DF2214001F0B2F96D
:1050100003214DF2224001F0ADF909214DF2234068
:1050200001F0A8F903214DF2244001F0A3F9282151
:105030004DF2254001F09EF903214DF2264001F08A
:1050400099F952214DF2274001F094F903214DF2D4
:10505000284001F08FF96B214DF2294001F08AF9C7
:1050600003214DF22A4001F085F98D214DF22B40AC
:1050700001F080F903214DF22C4001F07BF9A221CF
:105080004DF22D4001F076F903214DF22E4001F052
:1050900071F9BB214DF22F4001F06CF903214DF263
:1050A000304001F067F9C1214DF2314001F062F961
:1050B00003214DF2324001F05DF9C1214DF2334040
:1050C00001F058F900214FF4554001F053F9372110
:1050D0004DF2015001F04EF900214DF2025001F065
:1050E00049F953214DF2035001F044F900214DF2EA
:1050F000045001F03FF979214DF2055001F03AF9E1
:1051000000214DF2065001F035F997214DF207507C
:1051100001F030F900214DF2085001F02BF9B121D6
:105120004DF2095001F026F900214DF20A5001F02C
:1051300021F9D5214DF20B5001F01CF900214DF25F
:105140000C5001F017F9F4214DF20D5001F012F955
:1051500001214DF20E5001F00DF923214DF20F50B7
:1051600001F008F901214DF2105001F003F9492135
:105170004DF2115001F0FEF801214DF2125001F0F4
:10518000F9F887214DF2135001F0F4F801214DF2A6
:10519000145001F0EFF8B6214DF2155001F0EAF885
:1051A00002214DF2165001F0E5F800214DF21750A2
:1051B00001F0E0F802214DF2185001F0DBF83B213C
:1051C0004DF2195001F0D6F802214DF21A5001F0BB
:1051D000D1F83D214DF21B5001F0CCF802214DF2E7
:1051E0001C5001F0C7F875214DF21D5001F0C2F8B6
:1051F00002214DF21E5001F0BDF8B1214DF21F50B9
:1052000001F0B8F802214DF2205001F0B3F8D52199
:105210004DF2215001F0AEF803214DF2225001F081
:10522000A9F809214DF2235001F0A4F803214DF211
:10523000245001F09FF828214DF2255001F09AF8F2
:1052400003214DF2265001F095F852214DF22750DE
:1052500001F090F803214DF2285001F08BF86B21FA
:105260004DF2295001F086F803214DF22A5001F049
:1052700081F88D214DF22B5001F07CF803214DF285
:105280002C5001F077F8A2214DF22D5001F072F868
:1052900003214DF22E5001F06DF8BB214DF22F503D
:1052A00001F068F803214DF2305001F063F8C1219C
:1052B0004DF2315001F05EF803214DF2325001F011
:1052C00059F8C1214DF2335001F054F800214FF448
:1052D000564001F04FF837214DF2016001F04AF8D5
:1052E00000214DF2026001F045F853214DF20360B8
:1052F00001F040F800214DF2046001F03BF8792103
:105300004DF2056001F036F800214DF2066001F023
:1053100031F897214DF2076001F02CF800214DF291
:10532000086001F027F8B1214DF2096001F022F880
:1053300000214DF20A6001F01DF8D5214DF20B60FD
:1053400001F018F800214DF20C6001F013F8F4217F
:105350004DF20D6001F00EF801214DF20E6001F0EA
:1053600009F823214DF20F6001F004F801214DF2FC
:10537000106000F0FFFF49214DF2116000F0FAFFCC
:1053800001214DF2126000F0F5FF87214DF213600C
:1053900000F0F0FF01214DF2146000F0EBFFB621A8
:1053A0004DF2156000F0E6FF02214DF2166000F0AC
:1053B000E1FF00214DF2176000F0DCFF02214DF209
:1053C000186000F0D7FF3B214DF2196000F0D2FFCA
:1053D00002214DF21A6000F0CDFF3D214DF21B601D
:1053E00000F0C8FF02214DF21C6000F0C3FF7521E0
:1053F0004DF21D6000F0BEFF02214DF21E6000F074
:10540000B9FFB1214DF21F6000F0B4FF02214DF24F
:10541000206000F0AFFFD5214DF2216000F0AAFF1F
:1054200003214DF2226000F0A5FF09214DF2236017
:1054300000F0A0FF03214DF2246000F09BFF282123
:105440004DF2256000F096FF03214DF2266000F03A
:1054500091FF52214DF2276000F08CFF03214DF2A5
:10546000286000F087FF6B214DF2296000F082FF79
:1054700003214DF22A6000F07DFF8D214DF22B605B
:1054800000F078FF03214DF22C6000F073FFA221A1
:105490004DF22D6000F06EFF03214DF22E6000F002
:1054A00069FFBB214DF22F6000F064FF03214DF234
:1054B000306000F05FFFC1214DF2316000F05AFF13
:1054C00003214DF2326000F055FFC1214DF23360EF
:1054D00000F050FF5521204600F04CFFAA2128463D
:1054E00000F048FF5221304600F044FF08213846C2
:1054F00000F040FF0021404600F03CFF00214846FC
:1055000000F038FF0521504600F034FF02215846D4
:1055100000F030FF05214BF2030000F02BFF0221C9
:105520004BF2040000F026FF0821184600F022FF8D
:1055300050214FF4354000F01DFF0521184600F0C2
:1055400019FF00214FF4374000F014FF00214BF207
:10555000017000F00FFF01214FF4384000F00AFF06
:1055600005214BF6010000F005FF05214BF6020076
:1055700000F000FF05214BF6030000F0FBFE0221C6
:105580004FF43C4000F0F6FE00214BF6014000F0E5
:10559000F1FE00214BF6024000F0ECFE03214FF437
:1055A0004C4000F0E7FE00214CF6014000F0E2FE26
:1055B00000214CF6024000F0DDFE01214FF43D4099
:1055C00000F0D8FE84214BF6015000F0D3FE0721F5
:1055D0004BF6025000F0CEFE31214BF6035000F0A6
:1055E000C9FE00214BF6045000F0C4FE01214FF427
:1055F0003A4000F0BFFEAA214FF47F4000F0BAFE0F
:1056000055214FF6017000F0B5FE25214FF60270CE
:1056100000F0B0FE01214FF6037000F0ABFE402118
:105620004FF4585000F0A6FE00214FF4545000F003
:10563000A1FE05214FF4685000F09CFE4FF4885005
:1056400000F082FE7820FBF71FFD4FF4245000F09D
:105650007BFE0A20FBF718FDBDE8F05F4FF43050E9
:1056600000F072BE10B5E22000F06EFE1D2000F0CA
:105670005FFE022000F05CFE042000F059FE0120D5
:10568000FBF702FDE02000F05FFE012000F050FE7D
:105690000A20FBF7F9FCE02000F056FE032000F0A2
:1056A00047FE0C20FBF7F0FC012000F04DFE0A2025
:1056B000FBF7EAFCE62000F047FE2F2000F038FE62
:1056C000FF2000F035FEFF2000F032FEB02000F099
:1056D0003BFE202000F02CFE002000F029FE0320DD
:1056E00000F026FE40F21F3000F022FE012000F004
:1056F0001FFE40F2DF1000F01BFE002000F018FE3D
:10570000B42000F021FE042000F012FE40F21F4001
:1057100000F00EFE002000F00BFE2E2000F008FE30
:10572000002000F005FE002000F002FE002000F046
:10573000FFFD002000F0FCFDB62000F005FE022079
:1057400000F0F6FD4FF4037000F0F2FD002000F0D1
:10575000EFFD172000F0ECFD152000F0E9FD002022
:1057600000F0E6FD002000F0E3FDF02000F0ECFD8D
:10577000032000F0DDFD292000F0E6FDD02000F040
:10578000E3FD002000F0D4FDBE2000F0DDFD05208B
:1057900000F0CEFDFE2000F0CBFD012000F0C8FDA2
:1057A000002000F0C5FD002000F0C2FD002000F048
:1057B000BFFDB82000F0C8FD032000F0B9FD0120B6
:1057C00000F0B6FDBA2000F0BFFDBDE8104001209A
:1057D00000F0AEBD10B5112000F0B6FD7820FBF74B
:1057E00053FC362000F0B0FD002000F0A1FD3A206F
:1057F00000F0AAFD052000F09BFDB22000F0A4FD02
:105800000C2000F095FD0C2000F092FD002000F02F
:105810008FFD332000F08CFD332000F089FDB72090
:1058200000F092FD352000F083FDBB2000F08CFDE0
:10583000322000F07DFDC02000F086FD0C2000F03D
:1058400077FDC22000F080FD012000F071FDC32033
:1058500000F07AFD102000F06BFDC42000F074FD14
:10586000202000F065FDC62000F06EFD0F2000F046
:105870005FFDD02000F068FDA42000F059FDA120BC
:1058800000F056FDE02000F05FFDD02000F050FD5C
:10589000002000F04DFD022000F04AFD072000F03E
:1058A00047FD0A2000F044FD282000F041FD322091
:1058B00000F03EFD442000F03BFD422000F038FDAA
:1058C000062000F035FD0E2000F032FD122000F021
:1058D0002FFD142000F02CFD172000F029FDE12001
:1058E00000F032FDD02000F023FD002000F020FD6C
:1058F000022000F01DFD072000F01AFD0A2000F034
:1059000017FD282000F014FD312000F011FD542077
:1059100000F00EFD472000F00BFD0E2000F008FD0A
:105920001C2000F005FD172000F002FD1B2000F0F8
:10593000FFFC1E2000F0FCFC2A2000F005FD0020EA
:1059400000F0F6FC002000F0F3FC002000F0F0FC7A
:10595000EF2000F0EDFC2B2000F0F6FC002000F022
:10596000E7FC002000F0E4FC012000F0E1FC3F2017
:1059700000F0DEFCBDE81040292000F0E5BC10B5C9
:10598000112000F0E1FC7820FBF77EFB362000F0D0
:10599000DBFC482000F0CCFC3A2000F0D5FC552080
:1059A00000F0C6FCF02000F0CFFCC32000F0C0FCEB
:1059B000F02000F0C9FC962000F0BAFCB42000F002
:1059C000C3FC012000F0B4FCB62000F0BDFC0A20AE
:1059D00000F0AEFCA22000F0ABFCB72000F0B4FC5D
:1059E000C62000F0A5FCB92000F0AEFC022000F0BB
:1059F0009FFCE02000F09CFCC02000F0A5FC802073
:105A000000F096FC162000F093FCC12000F09CFCF6
:105A1000192000F08DFCC22000F096FCA72000F0B9
:105A200087FCC52000F090FC162000F081FCE820E7
:105A300000F08AFC402000F07BFC8A2000F078FC1B
:105A4000002000F075FC002000F072FC292000F01E
:105A50006FFC192000F06CFCA52000F069FC3320DD
:105A600000F066FCE02000F06FFCF02000F060FC2D
:105A7000072000F05DFC0D2000F05AFC042000F02F
:105A800057FC052000F054FC142000F051FC362097
:105A900000F04EFC542000F04BFC4C2000F048FC81
:105AA000382000F045FC132000F042FC142000F0E8
:105AB0003FFC2E2000F03CFC342000F039FCE120BB
:105AC00000F042FCF02000F033FC102000F030FC2D
:105AD000142000F02DFC0E2000F02AFC0C2000F019
:105AE00027FC082000F024FC352000F021FC442095
:105AF00000F01EFC4C2000F01BFC262000F018FCDF
:105B0000102000F015FC122000F012FC2C2000F0F8
:105B10000FFC322000F00CFCF02000F015FC3C20C3
:105B200000F006FCF02000F00FFC692000F000FC03
:105B30007820FBF7A9FA212000F006FCBDE8104010
:105B4000292000F001BC00002DE9F0438146A2EBC2
:105B500009020798521C1F4695B20C4686B24FF0B8
:105B6000D84811E02146484600F028FA00F0F8FB3A
:105B70000020414604E000BFA1F88060401C80B2D4
:105B8000A842F9D3641CA4B2BC42EBD9BDE8F083AF
:105B90002DE9F04F87B03220FBF776FAD32000F0E2
:105BA000D3FB00F03BF9944CA08000F037F9A080C3
:105BB00000F034F94FF6FF7101EA0020A08000F0F8
:105BC0002DF9A18849F241360843A08047F2897532
:105BD00045F2103747F2967845F2105949F6060A11
:105BE00041F6631BB0427DD0042000F0ADFB00F015
:105BF00015F9A08000F012F9A08000F00FF94FF61F
:105C0000FF7101EA0020A08000F008F9A188084394
:105C1000A0F50541A080523965D0A84262D0D420B9
:105C200000F092FB00F0FAF8A08000F0F7F8A080F6
:105C300000F0F4F84FF6FF7101EA0020A08000F0B8
:105C4000EDF8A1880843A080B8427ED0D32000F0B0
:105C50007BFB00F0E3F8A08000F0E0F8A08000F00B
:105C6000DDF84FF6FF7101EA0020A08000F0D6F8C1
:105C7000A1880843A080404567D055214FF470406B
:105C800000F078FBAA214FF2010000F073FB5221D3
:105C90004FF2020000F06EFB08214FF2030000F00B
:105CA00069FB01214FF2040000F064FB4FF4454012
:105CB00000F04AFB00F0B2F84FF6FF7101EA002055
:105CC000A0804CF2015000F03FFB00F0A7F8A18843
:105CD0000843A0800520FBF7D7F9A188494534D0B7
:105CE000D32001E02CE02CE000F02EFB00F096F831
:105CF000A08000F093F8A08000F090F84FF6FF71BC
:105D000001EA0020A08000F089F8A1880843A08063
:105D100050451AD0A12000F017FB00F07FF8A080BA
:105D200000F07CF84FF6FF7101EA0020A08000F03F
:105D300075F8A1880843A0F5AE41A080613902D072
:105D400003E0A58001E0A4F804B0A1882BA0FCF733
:105D50002BFFA088A84202D1FFF73CFD1FE0B04214
:105D600002D1FDF798FA1AE0B84202D1FDF74BFDD7
:105D700015E0404502D1FFF702FE10E0484502D190
:105D8000FEF7BBFC0BE0504502D1FDF79BFB06E0A4
:105D9000584504D1FFF766FC642000F0A1FA1648CC
:105DA000A1885038A94201D103210EE0514503D00A
:105DB000B14201D0494501D1022106E0B94203D0E8
:105DC000414501D0594508D1012100910291036B51
:105DD000826840686946FAF7B7FC0020FDF7DAF9F7
:105DE0000122D1030848FBF7FAFA4FF6FF70FDF7DE
:105DF000B9F907B0BDE8F08F700300204C43442090
:105E000049443A25780D0A00000402400246012068
:105E100000E05043491EC9B2FBD2704708B50220CA
:105E2000401EFDD24FF0D840B0F88000ADF8000021
:105E3000BDF8000008BD000070B55F4C002321468E
:105E4000A279898841F66316012A01D01AB10CE0C3
:105E5000B14202D109E0B14207D1082805D2DFE8FA
:105E600000F0161812140C19100E082812D2DFE8D0
:105E700000F0110406080A0C0E1080230AE04023EB
:105E800008E0C02306E0202304E0602302E0A02312
:105E900000E0E023362045F21055A94200D100026F
:105EA000A1F51342413A07D0A1F5EE42893A03D059
:105EB000A1F5EE42963A01D143F00803194600F0ED
:105EC00059FAA188B1420AD098062088628802D582
:105ED000904202D303E0904201D922806080608921
:105EE000A94240D100F030FA002000F021FA608988
:105EF000401C80B200F028FA002000F019FA6089F6
:105F0000801C80B200F020FA2088401EC0F30F20D1
:105F100000F00EFA6089C01C80B200F015FA2078FB
:105F2000401EC0B200F004FAA08900F00DFA002073
:105F300000F0FEF9A089401C80B200F005FA0020B4
:105F400000F0F6F9A089801C80B200F0FDF96088AD
:105F5000401EC0F30F2000F0EBF9A089C01C80B2F6
:105F600000F0F2F921E000F0EFF9002000F0E0F994
:105F7000002000F0DDF92088401EC0F30F2000F063
:105F8000D7F92078401EC0B200F0D2F9A08900F005
:105F9000DBF9002000F0CCF9002000F0C9F960889E
:105FA000401EC0F30F2000F0C3F9A078BDE8704098
:105FB000401EC0B200F0BCB970030020F0B53B4AEF
:105FC0000D460446060A918810462F0A4089A1F51D
:105FD000C853633B16D0A1F5AA43103B4CD000F048
:105FE000B3F9304600F0A4F9E0B200F0A1F99089CD
:105FF00000F0AAF9384600F09BF9E8B2BDE8F0409D
:1060000000F096B9917931B300F09EF9304600F076
:106010008FF9E0B200F08CF91088401EC0F30F2019
:1060200000F086F91078401E5FFA80F000F080F9E9
:10603000908900F089F9384600F07AF9E8B200F06A
:1060400077F95088401EC0F30F2000F071F9907866
:10605000401EC0B2D2E71188091B491E8CB200F065
:1060600073F9002000F064F9002000F061F9200AC3
:1060700000F05EF9E0B2D9E700F066F9304600F0D2
:1060800057F95089401C80B200F05EF9E0B200F090
:106090004FF9908900F058F9384600F049F9908995
:1060A000401C80B200F050F9A7E700007003002008
:1060B0002DE9FF4F1D460C468B46580700D00120A6
:1060C00000EBD500690810FB01F0203A00F0FF0A50
:1060D000D0B20C2D0AD0102D0CD0182D0ED0202DA2
:1060E00046D1244901EB801600203EE000EB400140
:1060F000214806E0214901EB0016F5E700EBC0015D
:106100001F4800EB8106EFE716F808704FF0000912
:10611000380601D50E9A03E00D9828B9194802688F
:1061200021460098FDF7ACF87806070E1648641C67
:10613000A4B24088A0421BD9A4EB0B00A8420AD10C
:1061400000985C46401C80B200900F48018800987F
:1061500081420DD906E009F1010000F0FF09B9F113
:10616000080FD5D308F10100C0B280465045CBD30B
:10617000BDE8FF8F809C0008C084000834890008B7
:10618000248F00082C000020700300202DE9FF4F11
:1061900083B00026DDE910BA1D4681463446B0467C
:1061A0004FEA5B0726E0281B401EC1B20A20FFF71A
:1061B0002DFE0599B1FBF0F00A21B0FBF1F201FBD5
:1061C000120026B9691E8C4201DA38B1012630303E
:1061D000C2B207FB049080B25B4604E007FB049068
:1061E00080B25B462022CDE9008A0499FFF760FF68
:1061F000641CE4B2AC42D6D307B0BDE8F08F2DE901
:10620000FC4F044600F0FF0910190D46DDE90BB6FE
:106210001FFA80F8581987B24FF0000A13E044457E
:1062200003D305EB0B004C4685B2BD4210D20D984E
:106230005B46CDE900A029462046FFF739FF04EB75
:106240005B0084B2761C3278A2F120005E28E6D989
:10625000BDE8FC8F2DE9FF4F83B08146DDE911BA1F
:1062600010984FF000081E4644460BF00105470801
:106270002EE0301B401EC1B20A20FFF7C7FD059972
:10628000B1FBF0F00A21B0FBF1F201FB1200B8F112
:10629000000F05D1711E8C4202DA50B14FF0010897
:1062A0003030C2B2CDE9005A07FB049080B2109B97
:1062B00009E0CDE9005A5FEA0B6007FB0490109BF0
:1062C00080B20AD530220499FFF7F2FE641CE4B2D2
:1062D000B442CED307B0BDE8F08F2022F3E7000030
:1062E00010B50246BE2000F02FF8052000F020F87F
:1062F0001046FAF78CF89FED0C1B53EC112BFAF7B4
:1063000014F8FAF791F880B200F012F8012000F0CA
:106310000FF8FF2000F00CF8002000F009F8BDE8AD
:106320001040002000F004B86666666666660440A9
:1063300001B5BDF80000ADF80000BDF800004FF059
:10634000D841A1F8800008BD01B5BDF80000ADF846
:106350000000BDF800004FF0D841A1F87E0008BD54
:1063600003484FF0D8410089A1F87E007047000033
:10637000700300204FF0D84222F87E0F5180704702
:1063800010B50A210520FCF7AFFD2821B0FBF1F084
:10639000642800D96420C0F16400C0B210BD0000C0
:1063A0000EB5FBF72FF8FCF791F9FCF701F8FBF7B6
:1063B0006DFFFCF79BF8FBF7B7FFFBF733FFFFF729
:1063C000E7FBFCF7A7FD10242CA0CDE900404FF41B
:1063D00078452346C822322102951E20FFF70FFF81
:1063E00028A0CDE900401023C822462102951E2096
:1063F000FFF705FF26A0CDE900401023C8225A214F
:1064000002951E20FFF7FBFE25A0CDE900401F25C9
:106410001023C8226E2102951E20FFF7F0FE23A054
:10642000CDE900401023C822962102951E20FFF7D7
:10643000E6FE20A0CDE900401023C8229621029557
:106440005820FFF7DCFE1CA0CDE900401023C82235
:10645000AA2102951E20FFF7D2FE19A0CDE9004027
:106460001023C822AA2102955820FFF7C8FE00F089
:1064700039F8FBF721FF00F049F8FEE753544D339C
:106480003200000044485431312054455354000038
:1064900041544F4D40414C49454E54454B0000003E
:1064A0004C53454E535F56414C3A000054656D7055
:1064B0003A0000004300000048756D693A00000092
:1064C0002500000010B50146EFF3058010B16FF014
:1064D000050404E0002411B1084600F03FFF204607
:1064E00010BD0000EFF30580002802D06FF005001A
:1064F00070470548016811B14FF0FF307047012126
:1065000001600020704700009C00002010B5EFF3F0
:106510000580002802D06FF0050010BD0748016813
:10652000012902D04FF0FF3010BD054A0021117043
:106530000221016000F0CAFF002010BD9C00002075
:106540001FED00E070B50D4620F0010200F00100E3
:106550004FF00004EFF30581002901D0A41F1DE0D6
:1065600052B178B12946104601F078FC012815D0C7
:106570002DB16FF0010411E06FF003040EE06FF035
:1065800002040BE02946104601F0A6FB012805D0C5
:1065900015B16FF0010401E06FF00204204670BDF8
:1065A00070B504464FF00005EFF30580002843D195
:1065B0000CB1606800E0002010F0010F01D001264E
:1065C00000E0002610F0080F36D14FF0FF305CB12C
:1065D000A16821B1E268502A01D3012005E021B968
:1065E000E16811B9002000E00020012801D068B165
:1065F00016E02EB10420A16801F092F805460FE0E4
:106600000120A16801F08CF8054609E026B10420BC
:1066100001F07AF8054603E0012001F075F805461F
:1066200035B10CB1216800E00021284600F05CFE85
:1066300015B10EB145F00105284670BD10B520F02A
:10664000010C00F001004FF00004EFF30581002978
:1066500001D0A41F18E0BCF1000F08D050B1604673
:1066600001F075FA01280FD06FF002040CE06FF012
:10667000030409E000231A461946604601F000F9B8
:10668000012801D06FF00204204610BD2DE9F0432F
:1066900085B00B464FF000070497EFF30581002902
:1066A0004ED100284CD080244FF0180C8946491E4A
:1066B00052B3166806B1B146956905B1AC46ACF166
:1066C0000105382D03D2157915F0010F03D005B05F
:1066D0000020BDE8F083556905B1AC08D2F8088008
:1066E000B8F1000F07D0D6685C2E04D3166916B136
:1066F0000DB1012109E0B8F1000F06D1D56825B927
:10670000156915B9002100E00021012901D061B10E
:1067100016E09168126901920291CDF800C02246FC
:10672000494601F033FC04900AE004A90191A2B2A9
:10673000CDF800C0494601F0F3FB012800D00497D2
:10674000049805B0BDE8F0832DE9F04104460F46FA
:10675000134EF5683068001D00F0C2FCB4F1FF3F35
:1067600007D137B13068BDE8F041011D0D4800F098
:106770000ABD2C4430684460AC4206D23068011D2A
:10678000B06BBDE8F04100F0E3BC3068011D706BF8
:1067900000F0DEFCB06A844200D2B462BDE8F08151
:1067A0004C000020F009002070B5044600F0F8FC11
:1067B0001C4DA868401CA860286810B1686938B1F1
:1067C0000CE02C60A868012808D100F0A9F905E0C8
:1067D0002868E16AC06A884200D82C60686A401C58
:1067E00068626064E06A2969884200D928610E49BC
:1067F00000EB800001EB8000211D00F0C4FC00F0E4
:10680000EFFC686900280CD02868E16AC06A8842F9
:1068100007D206494FF080500860BFF34F8FBFF397
:106820006F8F70BD4C0000204005002004ED00E09B
:1068300038B500F0B5FC0F4C2068B8B90E4800F030
:1068400079FC0E4800F076FC0B48E06014302061C3
:1068500000200B4B009003F1500210210A2000F0A1
:106860008FFF206010B107A100F03EFDBDE8384069
:1068700000F0B6BC88000020F40A0020080B0020BD
:10688000040A0020546D72510000000070B50D4CD8
:106890006068002815D00C4E00F082FCF068C568D6
:1068A000281D00F01DFCA068401EA0606068401E0E
:1068B000606000F095FC284600F051F86068002800
:1068C000EAD170BD4C000020DC0900200B46026CB0
:1068D000002A0CD0C1681144C160D0F808C06145DD
:1068E00001D30168C160C1681846F9F7FABC704766
:1068F0002DE9F041044616460027A56B226C002ABC
:1069000010D0C6B1E068F9F7ECFCE168206C091A18
:10691000E1602268914202D2A168081AE060022E6A
:1069200016D017E02068A8B9A06801F0DFFB074681
:106930000020A0600EE06068F9F7D3FC216C60686D
:1069400008446060A168884204D32068606001E068
:1069500005B16D1E681CA0633846BDE8F08110B516
:10696000044694F8591000290BD0012911D00229AE
:1069700014D0502080F31188BFF34F8FBFF36F8F77
:10698000FEE7206B00F042FC2046BDE8104000F01E
:106990003DBC2046BDE8104000F038BC10BD416A47
:1069A000002904D0006B0068C0F138007047002057
:1069B000704700000749CA681168002904D0002107
:1069C000016019B1002070470121F9E7D068006823
:1069D00070470000880000204FF47051104810F0FC
:1069E000070F06D0C01D20F007000D49411AC1F560
:1069F00070510C4A1060002353600144083921F0A3
:106A00000701183A11604B600B600B1A436001607C
:106A10004068906050604FF0004050617047000047
:106A2000D4110020B8000020074E4FF08054074DCD
:106A3000FFF72CFF30680128FAD92C60BFF34F8F85
:106A4000BFF36F8FF4E700004005002004ED00E085
:106A5000002808D0002181600160C16000231A462F
:106A6000194600F00DBF704770B51D46049C002903
:106A700009D02260E06321640121204600F0B8FEC5
:106A800084F84C5070BD2460F4E72DE9F05F824635
:106A90000B9F0A9D0C9C0E4690469B464FEA880130
:106AA000A522206BF9F72FFC206BA8F1010100EB68
:106AB000810020F007094FF0000866B1002022187D
:106AC000315C82F83410315C11B1401C1028F6D3CF
:106AD00084F8438001E084F83480382D00D33725D2
:106AE000E562E564C4F85080201D00F02EFB04F13F
:106AF000180000F02AFB2461C5F13800A06164622F
:106B0000C4F8548084F858805A465146484600F0EC
:106B1000D1FA2060002F00D03C60BDE8F09F00005B
:106B200070B500240F4D04EB840005EB800000F0ED
:106B300001FB641C382CF6D30B4800F0FBFA0B4821
:106B400000F0F8FA0A4800F0F5FA0A4800F0F2FA04
:106B5000094800F0EFFA09480349416314318163A1
:106B600070BD000040050020A0090020B4090020ED
:106B7000C8090020DC090020F00900204C0000209A
:106B800010B4144900E011460A688242FBD34B68F6
:106B900003EB010C844503D1406818444860084663
:106BA0000C68D0F804C00CEB0003A3420CD10A4BD4
:106BB0001B689A4206D05268624442600A681268B2
:106BC000026002E0036000E00260814200D00860E1
:106BD00010BC7047B8000020A000002010B50024B1
:106BE00041600061DFF838C091420BD8D11A826948
:106BF000914201D3012410E0011DDCF8100000F0E7
:106C0000A7FA0AE09A4203D2994201D3012404E090
:106C1000011DDCF80C0000F09BFA204610BD0000BE
:106C20008800002010B5044600F0BAFAA06B20B12D
:106C3000002400F0D5FA204610BD0124F9E710B574
:106C4000044600F0ADFAA06BE16B884201D101244B
:106C500000E0002400F0C4FA204610BDF8B5054657
:106C60000E461748C068C068C468201D00F038FA96
:106C700094F8280010F0040F18D0A0692B46411991
:106C800032462046FFF7AAFFA0B100200346014686
:106C900000902A46204601F07FFB58B9502080F32F
:106CA0001188BFF34F8FBFF36F8FFEE720F0010015
:106CB00084F82800216A01B02046BDE8F04008476A
:106CC0008800002030B587B0414D002202A9286815
:106CD00000F05EFF002875D00298002803DA039ABE
:106CE0000599049890470298002864DB049C606929
:106CF00010B1201D00F0F4F901A800F0B3F802462D
:106D000002980A2857D2DFE800F00505052F364D16
:106D100005052F3694F8280040F0010084F828007B
:106D20000398A169034601442046FFF757FF002856
:106D300041D0216A2046884794F8280010F0040FBB
:106D400039D0002000900398A16900234218194609
:106D5000204601F021FB70BB502080F31188BFF367
:106D60004F8FBFF36F8FFEE794F8280020F00100EB
:106D700084F828001FE094F8280040F0010084F80F
:106D800028000398A06128B1811813462046FFF718
:106D900025FF10E0502080F31188BFF34F8FBFF321
:106DA0006F8FFEE794F8280010F0020F0CD020F04F
:106DB000010084F82800002202A9286800F0E8FEFB
:106DC000002889D107B030BD204600F01FFAF2E755
:106DD00088000020F8B505460C4600F0BFFB684669
:106DE00000F040F80646009810B101F03BFAF8BDFB
:106DF00044B9B54206D801F035FA31462846FFF7C6
:106E00002DFFF8BD0C481CB10169096891B100243F
:106E1000A91B2246006800F07BFA01F023FA002843
:106E2000EFD106494FF080500860BFF34F8FBFF39A
:106E30006F8FF8BD0124EBE78800002004ED00E02F
:106E40000749486B0068002805D0486BC068C068D7
:106E50004068886270474FF0FF30886270470000DA
:106E60004C00002070B5044601F0D4F80546074EEA
:106E7000B068854204D200F00BF80120206001E0E8
:106E800000202060B560284670BD0000880000200A
:106E9000F8B51C4EF0680068002826D00027F0687E
:106EA000C0680568C468201D00F01AF9216A2046F0
:106EB000884794F8280010F0040F12D0A0692844E5
:106EC000A84206D960602461211DF06800F040F9F5
:106ED00007E000232A4619462046009701F05CFA95
:106EE00040B1F06800680028D9D1F0683169F160DC
:106EF0003061F8BD502080F31188BFF34F8FBFF38E
:106F00006F8FFEE7880000200A484068B0F1FF3F1D
:106F100007D0502080F31188BFF34F8FBFF36F8FDE
:106F2000FEE7502080F31188BFF34F8FBFF36F8FC0
:106F3000FEE70000C000002082B001A8FFF73AFD84
:106F40000199FFF747FFFFF7BDFEF6E770B504466E
:106F500000F026F994F94550002D0CDD606A50B11F
:106F600004F1240001F042F908B100F027FA681E8C
:106F700045B2002DF2DC4FF0FF3684F8456000F09A
:106F80002FF900F00DF994F94450002D0CDD206923
:106F900050B104F1100001F029F908B100F00EFA27
:106FA000681E45B2002DF2DC84F84460BDE87040F4
:106FB00000F016B92DE9F0410546002600F0CEFAA2
:106FC000344F386808B9FFF707FD7869054251D199
:106FD0009DB1083515F0070F0FD005F00700C0F17F
:106FE0000800054415F0070F07D0502080F31188E2
:106FF000BFF34F8FBFF36F8FFEE7002D3AD0786855
:10700000854237D824490846046801E021460446F1
:107010006068A84202D220680028F7D1386884420C
:1070200028D0086800F10806206808606068411BE5
:1070300010290FD9601910F0070F07D0502080F3E6
:107040001188BFF34F8FBFF36F8FFEE7416065601C
:10705000FFF796FD61687868401A7860BA689042D8
:1070600000D2B86078690843606000202060F8684A
:10707000401CF86001F0F6F816F0070F07D050201A
:1070800080F31188BFF34F8FBFF36F8FFEE7304659
:10709000BDE8F081A0000020B80000200449086885
:1070A000002803D00868026D521C0265086870470A
:1070B0004C000020001F4FF080730360001F21F080
:1070C00001010160001F0549016014380260001FC2
:1070D0006FF002010160203870470000096F00085E
:1070E0000169436882689A60836842685A604A68A6
:1070F000824201D182684A60002202610868401E13
:107100000860086870470000034B036003F15C00EF
:1071100008608020106070471C0B0020044B036047
:1071200003F15C0008604FF480701060704700004D
:10713000780D002000F1080141604FF0FF328260BD
:10714000C160016100210160704700210161704749
:1071500010B4D1F800C0BCF1FF3F02D000F108022A
:1071600002E0026904E01A4653681C686445FAD9D3
:1071700053684B6099608A60516008610168491CDE
:10718000016010BC704742684A6093688B609368E6
:107190005960916008610168491C016070470000F6
:1071A000502080F31188BFF34F8FBFF36F8F0A49D0
:1071B0004868401C486001280CD10848006810F05D
:1071C000FF0F07D0502080F31188BFF34F8FBFF31C
:1071D0006F8FFEE770470000C000002004ED00E064
:1071E00009494868002806D0401E4860002801D19F
:1071F00080F311887047502080F31188BFF34F8FC0
:10720000BFF36F8FFEE70000C000002070B50028BC
:107210002AD0A0F10804154D60686969084207D1B9
:10722000502080F31188BFF34F8FBFF36F8FFEE7BD
:1072300022683AB1502080F31188BFF34F8FBFF31B
:107240006F8FFEE78843606000F088F960686968C6
:10725000084468602046FFF793FC2869401C2861B9
:10726000BDE8704000F0FEBF70BD0000A00000202F
:107270004FF0E02000210161816105494FF47A72ED
:107280000968B1FBF2F1491E4161072101617047B4
:107290004800002010B5F8F7DDFF114910280ED383
:1072A00000F1E02090F8F0030A78904207D25020D5
:1072B00080F31188BFF34F8FBFF36F8FFEE709484C
:1072C0000068896800F4E060884207D9502080F3A4
:1072D0001188BFF34F8FBFF36F8FFEE710BD000023
:1072E000C00000200CED00E00022084B53F832C033
:1072F000BCF1000F03D0521C082AF7D3704743F8A3
:10730000321003EBC2014860704700000005002006
:1073100070B504460D461646FFF742FF94F9440047
:10732000B0F1FF3F4FF0000001D184F8440094F920
:107330004510B1F1FF3F01D184F84500FFF750FF40
:10734000A06B28B93246294604F1240000F056F813
:107350002046BDE87040FFF7F9BD000010B50246B9
:107360000020002A12D00F48006B38B1502080F363
:107370001188BFF34F8FBFF36F8FFEE700F0EEF879
:1073800000211046FFF7E0F900F06CFF002807D15C
:1073900005494FF080500860BFF34F8FBFF36F8FE8
:1073A00010BD00004C00002004ED00E002490A6A14
:1073B0000260C968416070474C000020014901200B
:1073C000C86170474C00002010B50C4600280BD057
:1073D000094A126802F11801FFF7BAFE2046BDE81B
:1073E00010400121FFF7B0B9502080F31188BFF39E
:1073F0004F8FBFF36F8FFEE74C00002070B50D4636
:10740000144600280DD00B4909681831FFF7BBFE60
:107410000CB14FF0FF3521462846BDE87040FFF71C
:1074200093B9502080F31188BFF34F8FBFF36F8F54
:10743000FEE700004C00002070B5044600283FD055
:10744000226DA2B1E06C884200D30146E06A884216
:1074500036D0012A34D11B4D2A6894420FD15020D6
:1074600080F31188BFF34F8FBFF36F8FFEE750207B
:1074700080F31188BFF34F8FBFF36F8FFEE7E16298
:10748000A26912F0004F02D1C1F13801A1610E4E84
:1074900000EB8000616906EB8000814210D1201D65
:1074A000FFF71EFEE06A2969884200D9286100EBD7
:1074B000800006EB8000211DBDE87040FFF763BE31
:1074C00070BD00004C0000204005002030B587B0A2
:1074D00000250695059504AA05A906A8FFF714FE40
:1074E00006980599019102900023009517A119486B
:1074F000049A00F04BFD184CE06208B1012000E056
:107500000020012801D100F013FF01280AD0B0F1BA
:10751000FF3F19D1502080F31188BFF34F8FBFF385
:107520006F8FFEE7502080F31188BFF34F8FBFF3BA
:107530006F8F4FF0FF30A06201206061E56007B0FF
:10754000BDE8304000F048B807B030BD49444C4574
:1075500000000000296A00084C0000200248016B6E
:10756000491C0163704700004C000020184B186B49
:10757000002802D00120D86170470020D861186926
:10758000144900EB800251F822203AB9C0B1401EE4
:1075900000EB800251F82220002AF7D000EB800295
:1075A00001EB82014A6852684A6001F1080C6245A9
:1075B00001D152684A604968C9681960186170470A
:1075C000502080F31188BFF34F8FBFF36F8FFEE71A
:1075D0004C0000204005002010B582B038480168FA
:1075E000384A914207D1502080F31188BFF34F8F62
:1075F000BFF36F8FFEE700683349884207D1502000
:1076000080F31188BFF34F8FBFF36F8FFEE72F49D1
:1076100008780190FF200870087800909DF800001D
:107620009DF8002000F0F000904207D0502080F339
:107630001188BFF34F8FBFF36F8FFEE79DF80000F7
:10764000234C00F0500020700720A0609DF800003F
:1076500010F0800F0BD0A068401EA0609DF80000C5
:10766000400000909DF8000010F0800FF3D1A0685A
:10767000032807D0502080F31188BFF34F8FBFF34A
:107680006F8FFEE74FF44070A060019808701148BA
:10769000016841F470010160016841F070410160CE
:1076A000FFF7E6FD00206060F8F79CFD0A480168DE
:1076B00041F040410160F8F781FD02B0002010BDAB
:1076C00000ED00E071C20F4170C20F4100E400E024
:1076D000C000002020ED00E034EF00E010B55020A5
:1076E00080F31188BFF34F8FBFF36F8F00F098FCCA
:1076F00018B104494FF080500860002080F31188D1
:1077000010BD000004ED00E010B50246002101208C
:1077100000F014F804462046FFF79AF9204610BD01
:1077200038B50B46002200901146012000F028F8E1
:1077300004462046FFF78CF9204638BDF8B50546CB
:107740000E461746002D13D005FB06F05030FFF70C
:1077500031FC044654B104F15002002084F8460084
:107760003B46314628460094FFF77EF92046F8BD97
:10777000502080F31188BFF34F8FBFF36F8FFEE768
:1077800038B5049D002804D05BB102B189B1C2B103
:1077900020E0502080F31188BFF34F8FBFF36F8F2D
:1077A000FEE7502080F31188BFF34F8FBFF36F8F38
:1077B000FEE7502080F31188BFF34F8FBFF36F8F28
:1077C000FEE739B1502080F31188BFF34F8FBFF32C
:1077D0006F8FFEE74FF0500CCDF800C01C46012320
:1077E00084F846302B460094FFF73EF9204638BD1A
:1077F00070B504460D46002C25D0FFF7D1FC226C55
:10780000E16B206801FB0200A0600020A0632068FB
:107810006060E16B226C2068491E01FB0200E060A1
:107820004FF0FF3084F8440084F845009DB104F126
:107830001000FFF77FFC04F12400FFF77BFCFFF74B
:10784000CFFC012070BD502080F31188BFF34F8F13
:10785000BFF36F8FFEE720690028F0D004F110001D
:1078600000F0C4FC0028EAD004494FF080500860C2
:10787000BFF34F8FBFF36F8FE1E7000004ED00E02F
:107880002DE9FF4782B004468A461F460025002C9A
:1078900003D0BAF1000F08D011E0502080F3118816
:1078A000BFF34F8FBFF36F8FFEE7206C38B15020CE
:1078B00080F31188BFF34F8FBFF36F8FFEE7022F66
:1078C0000AD1E06B012807D0502080F31188BFF364
:1078D0004F8FBFF36F8FFEE700F08EFB48B904981F
:1078E00038B1502080F31188BFF34F8FBFF36F8FF3
:1078F000FEE700264FF08058DFF8F090FFF750FCCD
:10790000A06BE16B884205D3022F03D0049808B323
:1079100035B329E03A4651462046FEF7E9FF616A51
:1079200059B104F1240000F061FC68B1C9F800808D
:10793000BFF34F8FBFF36F8F06E028B1C9F8008007
:10794000BFF34F8FBFF36F8FFFF74AFC06B00120E4
:10795000BDE8F087FFF744FC06B00020BDE8F087E3
:107960006846FFF723FD0125FFF73AFCFFF7F6FD18
:10797000FFF716FC94F94400B0F1FF3F01D184F801
:10798000446094F94500B0F1FF3F01D184F84560AF
:10799000FFF726FC04A9684600F082FA40B12046B1
:1079A000FFF7D4FA00F05EFC06B00020BDE8F087D7
:1079B0002046FFF744F990B104F110000499FFF755
:1079C00003FD2046FFF7C2FA00F04CFC002895D1D9
:1079D000C9F80080BFF34F8FBFF36F8F8EE720464B
:1079E000FFF7B4FA00F03EFC88E7000004ED00E089
:1079F0002DE9F0470446894617461E46002C03D061
:107A0000B9F1000F08D011E0502080F31188BFF3C6
:107A10004F8FBFF36F8FFEE7206C38B1502080F39B
:107A20001188BFF34F8FBFF36F8FFEE7022E0AD18D
:107A3000E06B012807D0502080F31188BFF34F8FEF
:107A4000BFF36F8FFEE7FFF725FC5020EFF311889F
:107A500080F31188BFF34F8FBFF36F8FA06BE16B83
:107A6000884206D3022E04D0002088F31188BDE896
:107A7000F08794F94550A06B324649462046FEF700
:107A800037FFB5F1FF3F04D0681C84F845000120A2
:107A9000EBE7606A0028FAD004F1240000F0A6FBAE
:107AA0000028F4D0002FF2D001203860EFE770B545
:107AB00004460D46002C09D0206C78B1502080F38C
:107AC0001188BFF34F8FBFF36F8FFEE7502080F315
:107AD0001188BFF34F8FBFF36F8FFEE7206848B95F
:107AE000A06838B1502080F31188BFF34F8FBFF3E7
:107AF0006F8FFEE7FFF7CEFB5020EFF3118680F388
:107B00001188BFF34F8FBFF36F8FA06BE16B814282
:107B100019D994F94520401CA063B2F1FF3F04D06D
:107B2000501C84F8450001200EE0606A0028FAD05D
:107B300004F1240000F05AFB0028F4D0002DF2D00C
:107B400001202860EFE7002086F3118870BD10B592
:107B50000446002C09D000F049FAA168884214D1EB
:107B6000E068401EE06040B10DE0502080F31188D5
:107B7000BFF34F8FBFF36F8FFEE700231A461946FE
:107B80002046FFF77DFE012010BD002010BD000043
:107B90002DE9F74783B004468A460025002C03D020
:107BA000BAF1000F08D011E0502080F31188BFF324
:107BB0004F8FBFF36F8FFEE7206C38B1502080F3FA
:107BC0001188BFF34F8FBFF36F8FFEE700F014FAF9
:107BD00048B9059838B1502080F31188BFF34F8F12
:107BE000BFF36F8FFEE700274FF08058DFF8E49077
:107BF000FFF7D6FAA66BC6B151462046FEF766FEE1
:107C0000701EA063206950B104F1100000F0EEFA7C
:107C100028B1C9F80080BFF34F8FBFF36F8FFFF714
:107C2000DFFA06B00120BDE8F087059808B135B14C
:107C300009E0FFF7D5FA06B00020BDE8F0876846F6
:107C4000FFF7B4FB0125FFF7CBFAFFF787FCFFF73F
:107C5000A7FA94F94400B0F1FF3F01D184F84470D1
:107C600094F94500B0F1FF3F01D184F84570FFF76A
:107C7000B7FA05A9684600F013F968B12046FFF786
:107C800065F900F0EFFA2046FEF7CCFF0028AFD0F0
:107C900006B00020BDE8F0872046FEF7C3FF90B194
:107CA00004F124000599FFF78FFB2046FFF74EF9FA
:107CB00000F0D8FA00289BD1C9F80080BFF34F8F9D
:107CC000BFF36F8F94E72046FFF740F900F0CAFA40
:107CD0008EE7000004ED00E02DE9F34383B0044695
:107CE00000250026002C09D0206C78B1502080F3AC
:107CF0001188BFF34F8FBFF36F8FFEE7502080F3E3
:107D00001188BFF34F8FBFF36F8FFEE700F074F958
:107D100048B9049838B1502080F31188BFF34F8FD1
:107D2000BFF36F8FFEE700274FF08058DFF82891F0
:107D3000FFF736FAA06BC8B1401EA063206810B9E7
:107D4000FFF7ACF9A060206950B104F1100000F019
:107D50004DFA28B1C9F80080BFF34F8FBFF36F8F82
:107D6000FFF73EFA05B00120BDE8F083049808B1A2
:107D70007DB112E03EB1502080F31188BFF34F8FE8
:107D8000BFF36F8FFEE7FFF72BFA05B00020BDE8C9
:107D9000F0836846FFF70AFB0125FFF721FAFFF79A
:107DA000DDFBFFF7FDF994F94400B0F1FF3F01D18D
:107DB00084F8447094F94500B0F1FF3F01D184F894
:107DC0004570FFF70DFA04A9684600F069F8D0B1D4
:107DD0002046FFF7BBF800F045FA2046FEF722FFE9
:107DE0000028A5D05EB1FFF7DBF92046FEF7D7FDEE
:107DF000A26801461046FFF71FFBFFF7F1F905B037
:107E00000020BDE8F0832046FEF70CFFE8B12068B3
:107E100038B9FFF7C5F9A06800F0A8F90646FFF7E2
:107E2000DFF904F124000499FFF7CEFA2046FFF7AA
:107E30008DF800F017FA00287FF47AAFC9F80080B7
:107E4000BFF34F8FBFF36F8F72E72046FFF77EF8C7
:107E500000F008FA6CE7000004ED00E070B504469D
:107E60000D46002C09D000F0C1F8A26890420CD158
:107E7000E068401CE060012070BD502080F3118854
:107E8000BFF34F8FBFF36F8FFEE729462046FFF702
:107E900023FF0028F0D0E168491CE16070BD0000BC
:107EA00070B505460C46002D15D0E4B1FFF778F902
:107EB000DFF868C0DCF80C006B68C11A2268B2F108
:107EC000FF3F18D02E68DCF820C0664515D08342ED
:107ED00013D801241DE0502080F31188BFF34F8F89
:107EE000BFF36F8FFEE7502080F31188BFF34F8FF1
:107EF000BFF36F8FFEE700240BE08A4206D9501AC9
:107F000020602846FFF752FA002402E0002020609B
:107F10000124FFF765F9204670BD00004C000020E9
:107F20002DE9F04F85B081460F9F0E9E8A46904600
:107F30009B464FEA8800FFF73DF8054628000AD027
:107F40005C20FFF737F804460CB1256304E02846AF
:107F5000FFF75CF900E000249CB1002084F8590090
:107F600003905B464246514601970096029448466C
:107F7000FEF78BFD2046FEF717FC05B00120BDE89B
:107F8000F08F05B04FF0FF30BDE8F08F70B586B0D0
:107F90000646DDF828C00C9C0B98002816D0ECB1E2
:107FA0005C2504952063022084F85900002005AD6B
:107FB0000390CDF800C0019502943046FEF765FDB0
:107FC0002046FEF7F1FB059806B070BD502080F307
:107FD0001188BFF34F8FBFF36F8FFEE7502080F300
:107FE0001188BFF34F8FBFF36F8FFEE70148006822
:107FF000704700004C00002005484169002903D06B
:10800000006B18B1002070470120704702207047B4
:108010004C0000200148C068704700004C00002060
:108020002DE9F04100262F4F386B002805D0B869A4
:10803000401CB8613046BDE8F081F868451CFD6021
:108040009DB9786B006838B1502080F31188BFF378
:108050004F8FBFF36F8FFEE7786BB96B7963B863AF
:10806000386A401C3862FEF7EBFEB86ADFF87880A9
:1080700085420DD3786B006838B1786BC068C468EE
:108080006068854212D2B86202E04FF0FF30B862F9
:108090003868C06A00EB800058F82000012800D939
:1080A0000126F8690028C5D00126C3E7201DFFF787
:1080B00017F8A06A18B104F11800FFF711F8E16A87
:1080C0003869814200D9396101EB810008EB8000F9
:1080D000211DFFF758F8E06A3968C96A8842C9D398
:1080E0000126C7E74C0000204005002070B504467B
:1080F0000021002833D01B4D2868844207D050202F
:1081000080F31188BFF34F8FBFF36F8FFEE7206DB1
:1081100038B1401E2065E36CE26A9A421FD040B13C
:108120001DE0502080F31188BFF34F8FBFF36F8F96
:10813000FEE7201DFEF7D4FFE06CE062C0F13800DE
:10814000A061E06A2969884200D92861064900EBEC
:10815000800001EB8000211DFFF715F80121084682
:1081600070BD00004C0000204005002070B50446A2
:108170000020002C2DD01B4DE16A2A68D26A914262
:1081800028D2A06910F0004F04D12868C06AC0F15D
:108190003800A061E06A144E00EB8000616906EBD4
:1081A0008000814211D1201DFEF79AFF2868C06A25
:1081B000E0622969884200D9286100EB800006EB63
:1081C0008000211DFEF7DFFF02E02868C06AE06240
:1081D000012070BDE16C2A68D26A9142F9D2012077
:1081E00070BD00004C0000204005002070B5C06844
:1081F000C468002C14D004F11800FEF771FF164D6E
:10820000286BA8B104F118011448FEF7BCFFE06A1E
:108210002968C96A88421CD901200121E96170BD21
:10822000502080F31188BFF34F8FBFF36F8FFEE7AD
:10823000201DFEF755FFE06A2969884200D92861B0
:10824000074900EB800001EB8000211DFEF79BFF3A
:10825000DDE7002070BD00004C000020C8090020B0
:10826000400500202DE9F047002400272D4D286B04
:10827000002807D0FEF794FF286B401E2863286B68
:1082800040B149E0502080F31188BFF34F8FBFF316
:108290006F8FFEE7A86800283ED0234E30684FF06D
:1082A000010800B3A6F59169F068C46804F11800EC
:1082B000FEF716FF201DFEF713FFE06A29698842CA
:1082C00000D9286100EB800009EB8000211DFEF73A
:1082D0005AFFE06A2968C96A884201D3C5F81C8040
:1082E00030680028E0D10CB1FEF7AAFDAC694CB1B2
:1082F000FFF796FE08B1C5F81C80641E002CF7D16C
:108300000020A861E86938B10127084938070860EA
:10831000BFF34F8FBFF36F8FFEF762FF3846BDE8A4
:10832000F08700004C000020C809002004ED00E0A8
:1083300030B587B00024FEF77BFA134D2868B0B142
:1083400000200690059004AA05A906A8FEF7E6FEFF
:1083500005990698022200920191029000230BA138
:108360000C48049AFFF712FE686000B1012414B1B2
:1083700007B0204630BD502080F31188BFF34F8FE7
:10838000BFF36F8FFEE7000088000020546D72205D
:1083900053766300396F0008F0B585B084460A9DB6
:1083A00016461F460022BCF1000F14D0164C206860
:1083B00000B300910196CDF808C006291BDAFFF73B
:1083C0001BFE02280FD000231A4669462068FFF7DB
:1083D00057FA024615E0502080F31188BFF34F8F03
:1083E000BFF36F8FFEE700232A4669462068FFF738
:1083F00047FA024605E000233A466946FFF7F8FAD5
:10840000024605B01046F0BD880000207CB400088C
:10841000000000000000000000000000000000005C
:108420000004000018000000000000000000000030
:1084300060B4000800000000000000000000000020
:108440000000000000040000200000000000000008
:10845000000000006CB400080000000000000000F4
:1084600000000000000000000008000018000000EC
:10847000000000000000000074B4000800000000CC
:1084800000000000000000000000000000020000EA
:1084900010000000000000000000000088B4000888
:1084A00000000000000000000000000000000000CC
:1084B00000020000180000000000000000000000A2
:1084C00000000000000000000000000000000000AC
:1084D0003F4000000000000000003000400030007D
:1084E0004000000009000BC03D000BC03D0009002A
:1084F00018C024407FE0224031800000180024C0D2
:108500001B000D803240018003801C4027401C80EE
:108510000740004010006000000000000000000064
:108520000000000000001F8020404020000040208C
:1085300020401F8000000000090006001F80060088
:1085400009000000040004003F8004000400000053
:1085500000100060000000000000000004000400A3
:1085600004000400040000000000004000000000BF
:1085700000000000002001C006003800400000009C
:108580001F802040204020401F800000000010403D
:108590003FC000400000000018C02140224024409D
:1085A0001840000010802040244024401B80000020
:1085B00002000D0011003FC0014000003C8024403B
:1085C00024402440238000001F8024402440344065
:1085D000038000003000200027C038002000000089
:1085E0001B802440244024401B8000001C0022C02B
:1085F000224022401F8000000000000008400000D0
:108600000000000000000000046000000000000006
:10861000000004000A001100208040400900090009
:1086200009000900090000000000404020801100FE
:108630000A00040018002000234024001800000055
:108640001F802040274029401F400000004007C0F5
:1086500039000F0001C0004020403FC024402440AA
:108660001B8000001F802040204020403080000000
:1086700020403FC0204020401F80000020403FC0DD
:1086800024402E4030C0000020403FC024402E0037
:10869000300000000F001080204022403380020094
:1086A00020403FC0040004003FC020402040204044
:1086B0003FC02040204000000060202020203FC01C
:1086C0002000200020403FC024400B0030C020404C
:1086D00020403FC020400040004000C03FC03C0060
:1086E00003C03C003FC0000020403FC00C402300BE
:1086F0003FC020001F802040204020401F800000FD
:1087000020403FC024402400180000001F8021406A
:10871000214020E01FA0000020403FC02440260050
:1087200019C0004018C0244024402240318000007D
:10873000300020403FC020403000000020003F803B
:10874000004000403F80200020003E0001C00700A4
:1087500038002000380007C03C0007C03800000087
:10876000204039C0060039C02040000020003840B9
:1087700007C0384020000000304021C0264038406B
:1087800020C00000000000007FE0402040200000EA
:10879000000070000C00038000400000000040203A
:1087A00040207FE00000000000002000400020008A
:1087B0000000000000100010001000100010001059
:1087C00000000000400000000000000000000280E7
:1087D0000540054003C0004020003FC00440044065
:1087E00003800000000003800440044006400000B5
:1087F00000000380044024403FC00040000003808C
:108800000540054003400000000004401FC0244014
:1088100024402000000002E00550055006500420CE
:1088200020403FC00440040003C00040000004405A
:1088300027C000400000000000100010041027E0D6
:108840000000000020403FC00140070004C0044079
:10885000204020403FC000400040000007C004000E
:1088600007C0040003C00000044007C00440040027
:1088700003C0004000000380044004400380000067
:10888000041007F00450044003800000000003803F
:108890000440045007F00010044007C002400400E8
:1088A00004000000000006400540054004C0000030
:1088B000000004001F800440004000000400078006
:1088C0000040044007C000400400070004C00180CD
:1088D00006000400060001C0070001C006000000F9
:1088E000044006C0010006C0044000000410071048
:1088F00004E00180060004000000044005C00640BA
:10890000044000000000000004007BE04020000064
:10891000000000000000FFF0000000000000402008
:108920007BE00400000000004000800040002000C8
:1089300020004000000000000000000000000000D7
:10894000000000000000000000001FCC000C000030
:108950000000000000000800300060000800300047
:1089600060000000022003FC1E20022003FC1E20E9
:108970000220000000000E1811043FFF10840C7844
:10898000000000000F0010840F3800C00778188422
:108990000078000000780F8410C411240E9800E4C1
:1089A000008400080800680070000000000000005B
:1089B0000000000000000000000007E0181820047C
:1089C00040020000000040022004181807E00000E8
:1089D000000000000240024001800FF001800240D0
:1089E000024000000080008000800FF800800080BE
:1089F000008000000001000D000E000000000000DB
:108A000000000000000000800080008000800080E6
:108A1000008000800000000C000C0000000000003E
:108A20000000000000000006001800600180060041
:108A300018002000000007F00808100410040808BF
:108A400007F000000000080408041FFC00040004F4
:108A50000000000000000E0C1014102410441184BB
:108A60000E0C000000000C181004110411041288F0
:108A70000C700000000000E00320042408241FFC08
:108A80000024000000001F981084110411041088B5
:108A900010700000000007F0088811041104188805
:108AA0000070000000001C00100010FC13001C00EF
:108AB0001000000000000E3811441084108411448E
:108AC0000E38000000000700088C1044104408888D
:108AD00007F00000000000000000030C030C000081
:108AE000000000000000000000010106000000007E
:108AF000000000000000008001400220041008086F
:108B00001004000002200220022002200220022085
:108B10000220000000001004080804100220014098
:108B20000080000000000E001200100C106C10807D
:108B30000F00000003E00C1813E4142417C40828E5
:108B400007D000000004003C03C41C40074000E4C0
:108B5000001C000410041FFC1104110411040E88F1
:108B60000070000003E00C1810041004100410083A
:108B70001C10000010041FFC10041004100408084E
:108B800007F0000010041FFC1104110417C41004A6
:108B90000818000010041FFC1104110017C0100079
:108BA0000800000003E00C181004100410441C78A6
:108BB0000040000010041FFC10840080008010841E
:108BC0001FFC10040000100410041FFC100410040B
:108BD0000000000000030001100110011FFE100042
:108BE0001000000010041FFC110403801464181C02
:108BF0001004000010041FFC100400040004000412
:108C0000000C000010041FFC1F0000FC1F001FFCD4
:108C10001004000010041FFC0C04030000E01018F6
:108C20001FFC100007F008081004100410040808C6
:108C300007F0000010041FFC1084108010801080CA
:108C40000F00000007F0081810241024101C080A58
:108C500007F2000010041FFC1104110011C01130B4
:108C60000E0C000400000E1C11041084108410442B
:108C70001C3800001800100010041FFC1004100025
:108C80001800000010001FF8100400040004100475
:108C90001FF8100010001E0011E0001C007013806F
:108CA0001C0010001FC0103C00E01F0000E0103C42
:108CB0001FC000001004180C163401C001C0163487
:108CC000180C100410001C00130400FC13041C00FA
:108CD000100000000804101C1064108413041C040D
:108CE000101800000000000000007FFE400240025B
:108CF00040020000000030000C0003800060001CF7
:108D00000003000000004002400240027FFE00001D
:108D10000000000000000000200040004000400073
:108D2000200000000001000100010001000100011D
:108D30000001000100004000400020000000000091
:108D40000000000000000098012401440144014497
:108D500000FC000410001FFC0088010401040088CE
:108D6000007000000000007000880104010401048C
:108D70000088000000000070008801040104110850
:108D80001FFC0004000000F80144014401440144B8
:108D900000C800000000010401040FFC11041104CC
:108DA00011001800000000D601290129012901C97C
:108DB0000106000010041FFC0084010001000104F2
:108DC00000FC000400000104190419FC0004000464
:108DD000000000000000000300010101190119FE5C
:108DE0000000000010041FFC0024004001B4010C2E
:108DF000010400000000100410041FFC0004000423
:108E000000000000010401FC0104010001FC010458
:108E1000010000FC010401FC0084010001000104C8
:108E200000FC0004000000F8010401040104010436
:108E300000F80000010101FF008501040104008821
:108E400000700000000000700088010401040105AA
:108E500001FF00010104010401FC00840104010080
:108E600001800000000000CC012401240124012421
:108E70000198000000000100010007F8010401044E
:108E800000000000010001F80004000400040108D3
:108E900001FC0004010001800170000C0010016061
:108EA0000180010001F0010C003001C00030010C14
:108EB00001F0010000000104018C00740170018CBC
:108EC00001040000010101810171000E0018016020
:108ED0000180010000000184010C0134014401847F
:108EE000010C0000000000000000000001003EFC3A
:108EF000400240020000000000000000FFFF0000F0
:108F0000000000000000400240023EFC01000000A2
:108F10000000000000006000800080004000400071
:108F20002000200000000000000000000000000001
:108F30000000000000000000000000000000000031
:108F40000000000000000000000000000000000021
:108F5000000000000000000F80380FFE380F80383E
:108F60000000000000000000000000000000000001
:108F700000000100000600000C0000380000310075
:108F8000000600000C000038000030000000000067
:108F90000000000061800067F807F9800061800030
:108FA00061800061800061800067F807F9800061DE
:108FB0008000000000000000000001C0E003E0F0BD
:108FC0000630080418081FFFFE040E080787F00388
:108FD00081E000000000000001F000060C00040425
:108FE00008060C7001F9C0000E00003BE000EC1810
:108FF000070808040C180003E00000000001E0006E
:1090000007F003F818041C0804170807E1D003C090
:10901000E00023B0003C0800200800001000000021
:109020000000000100003100003200001C000000C0
:109030000000000000000000000000000000000030
:109040000000000000000000000000000000000020
:10905000000000007F0001FFC00780F00C00181026
:1090600000042000020000000000002000021000A8
:10907000040C00180780F001FFC0007F0000000012
:1090800000000000000000000000000000000000E0
:109090004200006600006600003C0000180003FF6C
:1090A000C0001800003C000066000066000042009E
:1090B0000000000008000008000008000008000090
:1090C000080001FFC00008000008000008000008B8
:1090D0000000080000000000000100003100003224
:1090E00000001C0000000000000000000000000064
:1090F0000000000000000000000000000800000860
:109100000000080000080000080000080000080037
:109110000008000008000008000000000000000037
:109120000000000038000038000038000000000097
:10913000000000000000000000000000000000002F
:1091400000000000000600001C000070000180000C
:109150000E0000380000C0000700001C00003000B6
:1091600000000000000000007F8001FFE00380702D
:1091700006001804000804000806001803807001A7
:10918000FFE0007F80000000000000000000010000
:109190000801000801000803FFF807FFF8000008B5
:1091A00000000800000800000000000000000001AE
:1091B000C03802C0580400980401180402180404BE
:1091C00018061C1803F81801E0F800000000000061
:1091D00000000001C0E003C0F00400080408080417
:1091E000080806180803F41801E7F00001E0000081
:1091F00000000000000000000300000D000011004E
:1092000000610000810803010807FFF80FFFF80064
:1092100001080001080000000000000000E007FC59
:10922000D0060808061008061008061008061838A8
:10923000060FF00607C0000000000000000000005C
:109240003F8001FFE0038430020818041008041076
:1092500008041008071810030FF00007C0000000F2
:1092600000000000000003C0000700000600000628
:1092700000F80607F806180006E0000700000600E0
:109280000000000000000001E1E003F7F0063410E8
:10929000041808041808040C08040C08061618031F
:1092A000F3F001C1E000000000000000F80003FC42
:1092B00030030638040208040208040208040410FB
:1092C0000308F001FFC0007F000000000000000064
:1092D0000000000000000000000000007038007076
:1092E000380070380000000000000000000000009E
:1092F000000000000000000000000000000000006E
:10930000301A00301C0000000000000000000000C7
:109310000000000000000000000000080000140031
:109320000022000041000080800100400200200473
:1093300000100800080000000000000021000021CB
:109340000000210000210000210000210000210078
:1093500000210000210000210000000000000000AA
:1093600000000800080400100200200100400080F6
:1093700080004100002200001400000800000000EE
:1093800000000003C00004C000040000080038080A
:109390000F380808380810000C300007E00003C040
:1093A00000000000000000003F8000FFE00380702C
:1093B000020F1006708804C088048308047F8802A6
:1093C000C09003012000FE400000080000180001CA
:1093D000F8003E0801C20007020007E20000FE009C
:1093E000001FC80001F8000038000008040008074A
:1093F000FFF807FFF8040808040808040808040830
:109400000806180803F41801E7F00001E000000066
:10941000000000003F8001FFE0038070020018049C
:10942000000804000804000804001006002007805B
:10943000C000000004000807FFF807FFF804000858
:1094400004000804000804001802001003807001E2
:10945000FFE0007F8000000004000807FFF807FF1E
:10946000F8040808040808040808040808043E086A
:10947000040008060018010060000000040008074E
:10948000FFF807FFF80408080408000408000408AF
:1094900000043E00060000060000018000000000FD
:1094A000000000003F8001FFE00380700600180408
:1094B00000080402080402080203F00783F0000217
:1094C0000000020004000807FFF807FFF80408087E
:1094D0000008000008000008000008000408080751
:1094E000FFF807FFF8040008000000000000040077
:1094F0000804000804000807FFF807FFF804000844
:109500000400080400080000000000000000000043
:10951000000600000700000104000104000104002F
:109520000307FFFE07FFFC04000004000004000026
:1095300004000807FFF807FFF8040C0800180000F3
:109540003E0004C7800503C80600F8040038040084
:109550001800000804000807FFF807FFF8040008D7
:1095600000000800000800000800000800000800D3
:10957000001800006000000004000807FFF80780E2
:109580000807FC00007FC00003F80007C000780057
:1095900007800807FFF807FFF80400080400080721
:1095A000FFF807000803C00000E000003800001EBC
:1095B000000007000001C00400F007FFF8040000ED
:1095C000000000007F8001FFE003807006001804A7
:1095D000000804000806001803003001FFE0007FC7
:1095E0008000000004000807FFF807FFF8040408E3
:1095F000040400040400040400040400060C000336
:10960000F80001F000000000000000007F8001FF72
:10961000E00380700600880400880400C806003C4F
:1096200003003E01FFE6007F8400000004000807FD
:10963000FFF807FFF8040808040800040C00040FF2
:1096400000040BC00610F003F03801E00800000829
:1096500000000001E0F803F03006301004180804A0
:109660001808040C08040C080206180207F0078109
:10967000E00000000180000600000400000400007B
:1096800004000807FFF807FFF804000804000004BE
:10969000000006000001800004000007FFE007FF53
:1096A000F00400180000080000080000080000088E
:1096B00000000804001007FFE0040000040000069A
:1096C000000007E00007FE00041FE00001F80000B2
:1096D000380001E0043E0007C0000600000400005E
:1096E00004000007E00007FFC0041FF80007C007E0
:1096F000F80007FF80043FF80007C004F8000700E7
:109700000004000000000004000806001807C078EC
:1097100005F1C8003E00001F800463E80780F806DA
:109720000018040008000000040000060000078084
:109730000007E008047C08001FF80007F80018087C
:1097400004E008070000060000040000000000011B
:1097500000080600380400F80403E8040F08047C3D
:109760000805F00807C008070018040060000000A2
:109770000000000000000000000000000000003FAA
:10978000FFFE200002200002200002200002200034
:1097900002000000000000000000080000070000B8
:1097A00000C0000038000006000001C000003000CA
:1097B000000E00000100000000000000000020007A
:1097C000022000022000022000022000023FFFFED3
:1097D0000000000000000000000000000000000089
:1097E0000000000000080000100000300000200011
:1097F0000030000010000008000000000000000021
:109800000000010000010000010000010000010053
:109810000001000001000001000001000001000043
:109820000100000100000000000000000020000016
:1098300020000010000010000000000000000000E8
:1098400000000000000000000000000000F000190F
:10985000F8001B1800220800260800240800241025
:10986000003FF8001FF80000080000180000000486
:10987000000007FFF80FFFF0001818001008002084
:1098800008002008003018001FF0000FC000000082
:109890000000000007C0001FF00018300020080082
:1098A0002008002008003C08001C10000060000098
:1098B000000000000000000007C0001FF000381882
:1098C00000200800200800200804101007FFF80FEF
:1098D000FFF0000010000000000000000000000782
:1098E000C0001FF0001230002218002208002208D9
:1098F000003208001E10000E2000000000000000D2
:10990000200000200800200801FFF803FFF80620CF
:1099100008042008042008072000030000000000BD
:1099200000000000000E000E6E001FF30031B100B9
:1099300020B10020B1003191001F13002E1E002025
:109940000E00300000000004000807FFF80FFFF8C9
:10995000001008002000002000002008003FF80050
:109960001FF80000080000000000000000000020B8
:1099700008002008002008063FF8063FF80000080D
:1099800000000800000800000000000000000000C7
:10999000000000000300000300200100200100205F
:1099A00003063FFE063FFC00000000000000000030
:1099B00000000004000807FFF80FFFF8000188000E
:1099C0000300002FC00038F80020380020080000F5
:1099D0000800000000000000000004000804000867
:1099E00004000807FFF80FFFF80000080000080057
:1099F0000008000000000000002008003FF8003FC1
:109A0000F8001008002000003FF8003FF8001008A0
:109A1000002000003FF8003FF800000800000000B0
:109A20002008003FF8003FF8001008001000002058
:109A300000002008003FF8001FF8000008000000A8
:109A40000000000007C0000FF000183000300800D0
:109A50002008002008003008001830000FF0000730
:109A6000C0000000000000002001003FFF003FFF99
:109A700000101100200900200800200800303800E4
:109A80001FF0000FC00000000000000007C0001F12
:109A9000F0003818002008002008002009001011EC
:109AA000001FFF003FFF0000010000000020080031
:109AB0002008002008003FF8003FF80008080010C8
:109AC00008002008002000003000003000000000E6
:109AD000000000000000000C78001E180033080091
:109AE00023080021080021880021980030F0003868
:109AF00060000000000000002000002000002000A6
:109B000000FFF003FFF800200800200800200800F4
:109B10000030000000000000000000002000003FB6
:109B2000F0007FF800001800000800000800201076
:109B3000003FF8007FF0000010000000000000006F
:109B40002000003000003C00003F800023F00000B7
:109B500078000070002380003C00003000002000EE
:109B6000002000003C00003FE00023F80000E0007F
:109B70002700003E00003FE00021F80001E0003E29
:109B800000002000000000002008002008003838F5
:109B9000003E680027800003C8002CF80038380019
:109BA0002018002008000000000000002000003005
:109BB00003003C01003F830023EC00007000238081
:109BC000003C000020000020000000000000000019
:109BD00000000038080020380020F80023E8002F9B
:109BE00088003E08003808002018000070000000BF
:109BF0000000000000000000000000000000000065
:109C000008000014001FF7FC3000062000020000CE
:109C10000000000000000000000000000000000044
:109C2000000000000000FFFFFF0000000000000037
:109C30000000000000000000000000000000200004
:109C4000023000061FF7FC001400000800000000AE
:109C500000000000000000000000000000000018EC
:109C600000006000004000004000002000001000E4
:109C7000000800000400000400000C0000100000B8
:109C800000000000000000000000000000000000D4
:109C900000000000000000000000000000000000C4
:109CA00000000000000000000000000000000000B4
:109CB00000000000000000000000000000000000A4
:109CC0000000000000000000000000000000000094
:109CD000000000000000000007F000C007FFE1E006
:109CE00007F001E0000000C00000000000000000DC
:109CF0000000000000000000000000000000000064
:109D000000000000000000000020000001C0000072
:109D1000078000001F0000001E0000001C20000043
:109D200001C00000078000001F0000001E000000AE
:109D30001C00000000000000000000000000000007
:109D40000000000000180C0000180C0000180FE0C4
:109D5000001FFC0003F80C0000180C0000180C0099
:109D600000180C0000180C0000180FE0001FFC0089
:109D700003F80C0000180C0000180C000000000094
:109D8000000000000000000000000780007807C00D
:109D900000FC0640010E0020030700200203802083
:109DA0000FFFFFFC0201C0200200E06001307040A4
:109DB00001F03F8000F01F000000000000000000E4
:109DC00000FE000001FF000003018000020080602F
:109DD000030181C001FF070000FE18000000E00041
:109DE0000003BF00000CFFC00071806001C10020B3
:109DF000030180600000FFC000003F000000000081
:109E000000001F0000007FC000FCC0C001FF806098
:109E10000303E0200202782002061E2003FC074014
:109E200001F00380000103C000011C600001E0207C
:109E3000000100200001004000000180000000003F
:109E400000000000002000001C6000001C4000001A
:109E50001F8000000F000000000000000000000054
:109E600000000000000000000000000000000000F2
:109E700000000000000000000000000000000000E2
:109E800000000000000000000000000000000000D2
:109E90000000000000000000000000000007F800C3
:109EA000003FFF00007807C001C000E00300003061
:109EB0000400000808000004100000020000000078
:109EC0000000000010000002080000040400000868
:109ED0000300003001C000E0007807C0003FFF0031
:109EE0000007F80000000000000000000000000073
:109EF0000000000000000000000000000000000062
:109F00000000000000000000000C1800000E3800E7
:109F1000000E38000006300000036000006143803E
:109F200000FFFF8000614300000360000006300076
:109F3000000E3800000E3800000C18000000000071
:109F40000000000000000000000080000000800011
:109F50000000800000008000000080000000800001
:109F6000007FFF00000080000000800000008000F3
:109F70000000800000008000000080000000000061
:109F80000000000000000001000000E3000000E20B
:109F9000000000FC0000007800000000000000004D
:109FA00000000000000000000000000000000000B1
:109FB00000000000000000000000000000000000A1
:109FC0000000000000008000000080000000800011
:109FD0000000800000008000000080000000800081
:109FE0000000800000008000000080000000800071
:109FF00000008000000080000000800000000000E1
:10A000000000000000000000000000C0000001E0AF
:10A01000000001E0000000C000000000000000009F
:10A020000000000000000000000000000000000030
:10A030000000000000000000000000000000000020
:10A04000000000000000000C00000038000000E0EC
:10A050000000038000000E00000038000000E00057
:10A0600000038000000E00000038000000E0000047
:10A07000038000000E000000180000000000000037
:10A080000000000000000000000FF800007FFF004B
:10A0900000F00780018000C0030000600200002083
:10A0A000020000200200002003000060018000C0C8
:10A0B00000E00380007FFF00000FF80000000000B8
:10A0C00000000000000000000000000000800020F0
:10A0D00000800020008000200080006001FFFFE081
:10A0E00003FFFFE0000000600000002000000020EF
:10A0F0000000002000000000000000000000000040
:10A100000000000000000000007800E000980160FE
:10A11000010002600200046002000860020010609A
:10A120000200206002004060030080600183006044
:10A1300001FE00E0007C078000000000000000003D
:10A14000000000000000000000F0078001F007C0E0
:10A150000100004002000020020100200201002056
:10A1600002010020030380200186804001FCC0C062
:10A1700000787F8000001E0000000000000000004A
:10A180000000000000000800000038000000480047
:10A190000001880000060800000C081000300810BC
:10A1A0000040081001FFFFF003FFFFF003FFFFF086
:10A1B0000000081000000810000008100000000057
:10A1C000000000000000000000000780001F864023
:10A1D00003E1002003020020030400200304002008
:10A1E000030400200304002003060040030301C011
:10A1F0000301FF8003007E0000000000000000005B
:10A2000000000000000000000007FC00003FFF000D
:10A210000070C380008180C0010100600302002043
:10A22000020200200202002002020020020300407D
:10A2300001C180C000C0FF8000007E00000000005F
:10A24000000000000000000000F0000003C000005B
:10A250000380000003000000030007E003003FE06C
:10A260000301C000030600000318000003600000A3
:10A270000380000003000000000000000000000058
:10A280000000000000001F0000783F8000FC60C05C
:10A29000018EC040030780200203002002018020BD
:10A2A000020180200201C0200301E040018670C04D
:10A2B00000FC3F8000781F0000000000000000004C
:10A2C00000000000003F000000FF81C001C0C1C0CD
:10A2D0000100602002002020020020200200202037
:10A2E00002002060020040C00100C18000C18F0058
:10A2F000007FFE00001FF0000000000000000000D2
:10A30000000000000000000000000000000000004D
:10A310000000000000000000000300C0000781E012
:10A32000000781E0000300C0000000000000000002
:10A33000000000000000000000000000000000001D
:10A34000000000000000000000000000000000000D
:10A350000000000000000000000600660006007813
:10A3600000000000000000000000000000000000ED
:10A3700000000000000000000000000000000000DD
:10A380000000000000000000000080000001C0008C
:10A390000003600000063000000C180000180C00DC
:10A3A000003006000060030000C001800100004092
:10A3B0000200002004000010000000000000000067
:10A3C0000000000000041000000410000004100051
:10A3D000000410000004100000041000000410002D
:10A3E000000410000004100000041000000410001D
:10A3F0000004100000041000000410000000000021
:10A400000000000000000000040000100200002016
:10A410000100004000C00180006003000030060021
:10A4200000180C00000C180000063000000360004B
:10A430000001C000000080000000000000000000DB
:10A4400000000000000000000078000001F800009B
:10A450000238000002000000040000C0040079E09F
:10A46000040081E0040100C00403000002020000B7
:10A470000306000001FC000000F8000000000000DE
:10A4800000000000000FF800003FFE000070078091
:10A4900000C000C00101F8400307FC20021E042098
:10A4A0000230082002203020023FFC20013F0440FF
:10A4B00001800CC000E03180001FC20000000000DD
:10A4C0000000002000000060000003E000003E20CB
:10A4D0000003E020003E200003E020000380200075
:10A4E00007FC2000003FE0000003FE2000003FE0EA
:10A4F000000001E00000002000000020000000003B
:10A5000000000000020000200200002003FFFFE026
:10A5100003FFFFE0020100200201002002010020F1
:10A520000201002002010020030300200186806058
:10A5300001FCC0C000F87F8000001F000000000088
:10A54000000000000007F800003FFF0000700780D7
:10A5500000C000C0010000400300002002000020F5
:10A560000200002002000020020000200100004044
:10A57000018000C003C00180003006000000000020
:10A5800000000000020000200200002003FFFFE0A6
:10A5900003FFFFE002000020020000200200002074
:10A5A000020000200300006001000040018000C0A4
:10A5B00000F00780007FFE00000FF80000000000A0
:10A5C00000000000020000200200002003FFFFE066
:10A5D00003FFFFE002010020020100200201002031
:10A5E000020100200201002002038020020FE0206F
:10A5F0000300006003C000E00060030000000000F2
:10A6000000000000020000200200002003FFFFE025
:10A6100003FFFFE002010020020100200201000010
:10A62000020100000201000002010000020380009C
:10A63000030FE0000300000003C000000060000002
:10A64000000000000007F800003FFE0000700780D7
:10A6500001C001C0010000400300002002000020F2
:10A660000200002002000020010020200100204004
:10A6700003C03F8000303F80000020000000200029
:10A68000020000200200002003FFFFE003FFFFE0C4
:10A690000200802002008020000080000000800076
:10A6A00000008000020080200200802003FFFFE005
:10A6B00003FFFFE002000020020000200000000075
:10A6C0000000000000000000000000000200002068
:10A6D00002000020020000200200002003FFFFE033
:10A6E00003FFFFE002000020020000200200002023
:10A6F0000200002000000000000000000000000038
:10A70000000000000000000E0000000F0000000F1D
:10A71000000000010200000102000001020000032D
:10A720000200000603FFFFFC03FFFFF80200000029
:10A730000200000002000000020000000000000013
:10A7400000000000020000200200002003FFFFE0E4
:10A7500003FFFFE00200C02002010020000780008C
:10A76000000FE0000030F80002603E2003800F2060
:10A77000030003E0020000E00200002000000020CF
:10A7800000000000020000200200002003FFFFE0A4
:10A7900003FFFFE002000020020000200000002074
:10A7A0000000002000000020000000200000002029
:10A7B00000000060000000E0000003000000000056
:10A7C000020000200200002003FFFFE003E0002061
:10A7D00003FF0020001FF0000001FF8000000FE0D9
:10A7E00000001E000003E000003E002003E0002007
:10A7F00003FFFFE003FFFFE0020000200200002053
:10A80000020000200200002003FFFFE00380002080
:10A8100003F0002000FC0000001F00000007C00043
:10A820000001F00000007C0002001F80020007E031
:10A8300003FFFFE002000000020000000000000033
:10A8400000000000000FF800003FFE0000F007804D
:10A85000018000C001000040020000200200002032
:10A86000020000200200002001000040018000C022
:10A8700000F00380003FFE00000FF8000000000021
:10A8800000000000020000200200002003FFFFE0A3
:10A8900003FFFFE002008020020080200200800011
:10A8A000020080000200800002008000030180009E
:10A8B0000183000000FE0000007C0000000000009A
:10A8C00000000000000FF800007FFF0000F0038090
:10A8D000018001C0010006400200042002000420A3
:10A8E00002000620020003E0010000F80180005C85
:10A8F00000E0038C003FFF0C000FFC18000000007C
:10A9000000000000020000200200002003FFFFE022
:10A9100003FFFFE00201002002010020020180008D
:10A920000201E0000201FC0003033F80018607E012
:10A9300001FC00E000F80020000000200000000002
:10A9400000000000000000000078060000FE01E0AA
:10A95000018600C0030300400203002002018020A2
:10A96000020180200201C0200200C0200100E0603E
:10A97000018070C003E03F8000001F000000000065
:10A9800000000000006000000380000003000000E1
:10A9900002000000020000200200002003FFFFE090
:10A9A00003FFFFE002000020020000200200000080
:10A9B000020000000380000000E000000000000032
:10A9C000020000000200000003FFFF0003FFFFC0C1
:10A9D0000200004002000060000000200000002093
:10A9E0000000002000000020020000400200008063
:10A9F00003FFFF0002000000020000000000000052
:10AA000000000000020000000200000003C000007F
:10AA100003FC0000023FC0000003F80000007F803C
:10AA2000000007E000000780000078000203C0007B
:10AA3000023C000003C00000020000000200000011
:10AA40000200000003C0000003FF8000023FFE0080
:10AA500002007FE000000F000200F00003EF0000A2
:10AA600003FF8000020FFE0000003FE000001F0017
:10AA70000207E00003F800000300000002000000ED
:10AA8000000000000200002002000020038000E01F
:10AA900003F0032002FC0C20021F30000007C0005E
:10AAA0000007F00002187C0002601F20038003E012
:10AAB000020000E002000020000000200000000072
:10AAC00000000000020000000300000003C00000BE
:10AAD00003F80000023E0020020FC0200001FFE04A
:10AAE00000007FE000038020021C002002700000B4
:10AAF00003800000020000000200000000000000CF
:10AB00000000000000000020006000E0038003E07F
:10AB100003000FA002003E200200F8200203E02004
:10AB2000020F8020023E00200278002003E0006037
:10AB3000038000E0020003000000000000000000AD
:10AB40000000000000000000000000000000000005
:10AB500000000000000000001FFFFFFC10000004C8
:10AB60001000000410000004100000041000000495
:10AB700010000004100000040000000000000000AD
:10AB800000000000000000000000000007000000BE
:10AB900003C0000000780000001E00000003C00099
:10ABA0000000F00000001E0000000780000000F020
:10ABB0000000003C00000006000000000000000053
:10ABC000000000000000000010000004100000045D
:10ABD0001000000410000004100000041000000425
:10ABE000100000041FFFFFFC000000000000000038
:10ABF0000000000000000000000000000000000055
:10AC00000000000000000000000000000000000044
:10AC1000020000000400000008000000180000000E
:10AC200010000000180000001800000004000000E0
:10AC30000200000000000000000000000000000012
:10AC40000000000100000001000000010000000100
:10AC500000000001000000010000000100000001F0
:10AC600000000001000000010000000100000001E0
:10AC700000000001000000010000000100000001D0
:10AC800000000000000000000000000010000000B4
:10AC90001000000010000000180000000800000074
:10ACA00004000000000000000000000000000000A0
:10ACB0000000000000000000000000000000000094
:10ACC000000000000000038000018FC000038C60C2
:10ACD000000618200004102000041020000420208A
:10ACE00000042040000620400003FFC00001FFE0F8
:10ACF0000000002000000020000000C00000000054
:10AD000000000000020000000200000003FFFFE05E
:10AD100007FFFFC0000180C00002006000020020A9
:10AD20000004002000040020000400200006004071
:10AD3000000300C00001FF800000FE0000000000D2
:10AD4000000000000000000000007E000001FF8005
:10AD5000000381C000020040000600200004002023
:10AD60000004002000040020000600200003C04072
:10AD70000001C0800000030000000000000000008F
:10AD8000000000000000000000007E000001FF80C5
:10AD9000000380C0000600600004002000040020C2
:10ADA00000040020020400400202008003FFFFE0D4
:10ADB00007FFFFC00000004000000040000000004E
:10ADC000000000000000000000007E000001FF8085
:10ADD000000311C0000210400004106000041020A5
:10ADE0000004102000041020000610200003104072
:10ADF0000001F0C000007100000000000000000031
:10AE0000000000000000000000040000000400201A
:10AE10000004002000040020007FFFE001FFFFE0AD
:10AE2000010400200304002002040020020400208A
:10AE3000020400000200000001C0000001C0000088
:10AE400000000000000000000000001C0000E33EC5
:10AE50000003FFC200020CC3000404C1000404C1CB
:10AE6000000404C1000404C100060CC10003F8C3BF
:10AE70000005F0620006007E0006003C00000000B5
:10AE800000000000020000200200002003FFFFE09D
:10AE900007FFFFE000010020000200200006000084
:10AEA0000004000000040000000400200006002050
:10AEB0000003FFE00001FFE0000000200000002090
:10AEC000000000000000000000000000000400205E
:10AED0000004002000040020000400200387FFE09D
:10AEE000038FFFE00380002000000020000000200E
:10AEF0000000002000000000000000000000000032
:10AF0000000000000000000000000000000000063B
:10AF10000000000700000001000000010004000123
:10AF20000004000100040003000400060387FFFC86
:10AF3000038FFFF803800000000000000000000005
:10AF400000000000020000200200002003FFFFE0DC
:10AF500007FFFFE000000820000010200000300084
:10AF60000000FC0000058E00000707A0000601E0BD
:10AF7000000400E0000400200000002000000000A9
:10AF8000000000000000000000000000020000209F
:10AF900002000020020000200200002003FFFFE06A
:10AFA00007FFFFE00000002000000020000000205C
:10AFB0000000002000000000000000000000000071
:10AFC00000000000000400200007FFE0000FFFE089
:10AFD0000002002000040000000400200007FFE041
:10AFE0000003FFE000020020000400000004002035
:10AFF0000007FFE00003FFE0000000200000000069
:10B000000000000000040020000400200007FFE012
:10B01000000FFFE0000100200002002000020000FD
:10B0200000040000000400000004002000060020CE
:10B030000003FFE00001FFE000000020000000200E
:10B04000000000000000000000007E000000FF8003
:10B05000000381C000020040000600200004002020
:10B060000004002000040020000600200002004030
:10B07000000381C00001FF8000007E00000000008E
:10B080000000000000040001000400010007FFFFB1
:10B09000000FFFFF000100C100020041000400207A
:10B0A00000040020000400200004002000060040EE
:10B0B000000301C00001FF8000007E0000000000CE
:10B0C000000000000000000000007E000001FF8082
:10B0D000000380C000020060000400200004002083
:10B0E000000400200004002000020041000300C111
:10B0F0000003FFFF0007FFFF000000010000000148
:10B1000000000000000400200004002000040020D3
:10B1100000040020000FFFE0000FFFE00000C0204F
:10B1200000010020000200200006002000040000B2
:10B130000004000000070000000300000000000001
:10B140000000000000000000000003E00001C0E07B
:10B150000003E040000630200004302000041820E6
:10B16000000418200004182000040C2000020C60C9
:10B17000000307C0000783800000000000000000FB
:10B1800000000000000000000004000000040000B7
:10B1900000040000000C0000001FFF8000FFFFC043
:10B1A00000040060000400200004002000040020CF
:10B1B00000040040000001800000000000000000CA
:10B1C0000000000000040000000400000007FF80F1
:10B1D000000FFFC000000060000000200000002001
:10B1E0000000002000000020000400400004008057
:10B1F0000007FFE0000FFFC000000040000000401B
:10B2000000000000000400000004000000078000AF
:10B210000007F0000004FE0000041FC0000003E06F
:10B220000000038000001C00000460000007800094
:10B230000006000000040000000000000000000004
:10B2400000040000000600000007C0000007FC002A
:10B2500000043F80000003E000040F800006F000BF
:10B260000007F0000007FF8000040FE000000380EB
:10B2700000043C000007C0000006000000040000BD
:10B280000000000000000020000400200004006016
:10B29000000700E0000783200007E6000004F80034
:10B2A00000003C0000045E20000587A0000601E0CD
:10B2B00000040060000400200000002000000000E6
:10B2C0000000000000040000000400030007000369
:10B2D0000007E0010004F80100041F02000007FC61
:10B2E000000000E000000700000438000007C00074
:10B2F0000006000000040000000400000000000040
:10B30000000000000000000000078060000600E070
:10B31000000403E0000407A000040E2000043C2009
:10B32000000470200005E020000780200007006076
:10B33000000400E0000003800000000000000000A6
:10B3400000000000000000000000000000000000FD
:10B35000000000000000000000000000000080006D
:10B36000000080000001400007FE3FF808000004D4
:10B3700010000002100000020000000000000000A9
:10B3800000000000000000000000000000000000BD
:10B3900000000000000000000000000000000000AD
:10B3A000FFFFFFFF000000000000000000000000A1
:10B3B000000000000000000000000000000000008D
:10B3C0000000000000000000100000021000000259
:10B3D0000800000407FE3FF8000140000000800064
:10B3E00000008000000000000000000000000000DD
:10B3F000000000000000000000000000000000004D
:10B4000000000000180000003000000040000000B4
:10B41000400000004000000020000000300000005C
:10B42000080000000400000002000000020000000C
:10B43000020000000C0000001800000000000000E6
:10B4400000061016000610160000000000000000A4
:10B4500001020304060708090000000001020304BA
:10B4600064687431315461736B0000006C63645420
:10B4700061736B006C65645461736B006C69676821
:10B48000745461736B0000006B65795461736B00D9
:10B49000B0B4000800000020D0000000E82B000835
:10B4A00080B50008D000002008510000F82B0008EB
:10B4B000000000000000000000000000000000008C
:10B4C000000000000000000000000000000000007C
:10B4D000000000000000000000000000FFFF00006E
:10B4E000000000000000000000000000010000005B
:10B4F00010000000000000000024F4000000000024
:10B50000000000000000000000000000000000003B
:10B51000000000000000000000000000000000002B
:10B52000000000000000000000000000000000001B
:10B53000000000000000000000000000000000000B
:10B5400000000000000000000000000000000000FB
:10B5500000000000000000000000000000000000EB
:10B5600000000000000000000000000000000000DB
:10B5700000000000AAAAAAAA000000000000000023
:040000050800018965
:00000001FF
